일자 / 시간,시가,고가,저가,종가,거래량,거래대금,미결제약정
2022/01/03-04:00:00,28.14,28.14,28.14,28.14,30,0,0
2022/01/03-05:00:00,28,28,28,28,254,0,0
2022/01/03-06:00:00,27.98,27.98,27.98,27.98,17,0,0
2022/01/03-07:00:00,27.61,28.04,27.61,28.04,481,0,0
2022/01/03-08:00:00,27.97,28.4,27.34,27.37,20178,0,0
2022/01/03-09:00:00,27.32,27.5,27.1407,27.17,251757,0,0
2022/01/03-10:00:00,27.17,27.385,27.06,27.1191,374144,0,0
2022/01/03-11:00:00,27.115,27.115,26.6597,26.6862,215700,0,0
2022/01/03-12:00:00,26.69,26.73,26.52,26.58,163138,0,0
2022/01/03-13:00:00,26.58,26.59,26.37,26.39,129465,0,0
2022/01/03-14:00:00,26.39,26.52,26.33,26.44,167237,0,0
2022/01/03-15:00:00,26.43,26.52,26,26,288880,0,0
2022/01/03-16:00:00,26,26.31,26,26.25,8578,0,0
2022/01/04-04:00:00,26.49,26.5,26.49,26.5,621,0,0
2022/01/04-05:00:00,26.5,26.5,26.5,26.5,2,0,0
2022/01/04-06:00:00,26.5,26.5,26.5,26.5,9,0,0
2022/01/04-07:00:00,26.3,26.3,26,26,374,0,0
2022/01/04-08:00:00,26.4999,26.4999,25.6,25.9199,13278,0,0
2022/01/04-09:00:00,25.91,25.91,25.585,25.77,185003,0,0
2022/01/04-10:00:00,25.77,25.9,25.347,25.347,283378,0,0
2022/01/04-11:00:00,25.39,25.51,25.16,25.33,120300,0,0
2022/01/04-12:00:00,25.33,25.37,25.25,25.36,50538,0,0
2022/01/04-13:00:00,25.36,25.54,25.355,25.5149,111987,0,0
2022/01/04-14:00:00,25.52,25.59,25.43,25.5,90908,0,0
2022/01/04-15:00:00,25.5,25.68,25.4,25.67,185891,0,0
2022/01/04-16:00:00,25.71,25.74,25.66,25.66,524,0,0
2022/01/05-04:00:00,25.96,25.96,25.96,25.96,3,0,0
2022/01/05-05:00:00,25.96,25.96,25.96,25.96,111,0,0
2022/01/05-06:00:00,25.9,25.9,25.9,25.9,4,0,0
2022/01/05-07:00:00,25.9,25.9,25.68,25.68,982,0,0
2022/01/05-08:00:00,25.85,25.87,25.65,25.83,6969,0,0
2022/01/05-09:00:00,25.87,25.92,25.73,25.788,93912,0,0
2022/01/05-10:00:00,25.78,25.915,25.6918,25.73,112004,0,0
2022/01/05-11:00:00,25.74,25.76,25.362,25.45,150408,0,0
2022/01/05-12:00:00,25.43,25.45,25.3,25.4,95898,0,0
2022/01/05-13:00:00,25.41,25.46,25.33,25.33,73568,0,0
2022/01/05-14:00:00,25.34,25.4406,25.155,25.37,181421,0,0
2022/01/05-15:00:00,25.375,25.47,25.17,25.3,204893,0,0
2022/01/05-16:00:00,25.3,25.41,25.24,25.24,2638,0,0
2022/01/06-04:00:00,25,25.01,25,25,706,0,0
2022/01/06-05:00:00,24.86,24.86,24.86,24.86,745,0,0
2022/01/06-06:00:00,24.86,24.86,24.7,24.7,481,0,0
2022/01/06-07:00:00,24.81,24.82,24.71,24.71,775,0,0
2022/01/06-08:00:00,24.84,25.19,24.73,25.19,18972,0,0
2022/01/06-09:00:00,25.09,25.188,24.9301,25.01,230952,0,0
2022/01/06-10:00:00,25.02,25.17,24.93,25.02,296166,0,0
2022/01/06-11:00:00,25.02,25.16,24.95,24.95,125022,0,0
2022/01/06-12:00:00,24.96,25.35,24.94,25.28,67551,0,0
2022/01/06-13:00:00,25.29,25.3801,25.25,25.31,87677,0,0
2022/01/06-14:00:00,25.3,25.43,25.29,25.33,82905,0,0
2022/01/06-15:00:00,25.325,25.525,25.29,25.45,127516,0,0
2022/01/06-16:00:00,25.42,25.44,25.39,25.44,1284,0,0
2022/01/07-04:00:00,25.39,25.39,25.39,25.39,57,0,0
2022/01/07-06:00:00,25.41,25.41,25.4,25.4,6,0,0
2022/01/07-07:00:00,25.4,25.43,25.36,25.36,150,0,0
2022/01/07-08:00:00,25.33,25.41,24.91,25.04,10305,0,0
2022/01/07-09:00:00,25.12,25.4198,25.03,25.07,133899,0,0
2022/01/07-10:00:00,25.0599,25.15,24.7,24.77,149037,0,0
2022/01/07-11:00:00,24.75,24.8811,24.52,24.74,111310,0,0
2022/01/07-12:00:00,24.74,24.9339,24.695,24.92,62499,0,0
2022/01/07-13:00:00,24.91,25.11,24.88,25.06,80123,0,0
2022/01/07-14:00:00,25.05,25.05,24.87,24.9,43467,0,0
2022/01/07-15:00:00,24.92,25.01,24.87,24.95,85583,0,0
2022/01/07-16:00:00,24.92,24.94,24.88,24.92,729,0,0
2022/01/10-04:00:00,24.5,24.5,24.47,24.47,12,0,0
2022/01/10-05:00:00,24.47,24.47,24.47,24.47,1,0,0
2022/01/10-06:00:00,24.53,24.97,24.53,24.97,1144,0,0
2022/01/10-07:00:00,24.88,24.88,24.77,24.77,503,0,0
2022/01/10-08:00:00,24.9,24.9,24.67,24.67,4487,0,0
2022/01/10-09:00:00,24.62,24.66,24.42,24.5257,228977,0,0
2022/01/10-10:00:00,24.5257,24.7,24.49,24.66,209901,0,0
2022/01/10-11:00:00,24.66,24.762,24.62,24.69,94322,0,0
2022/01/10-12:00:00,24.69,25.025,24.69,24.9,67759,0,0
2022/01/10-13:00:00,24.9,24.9857,24.87,24.965,81670,0,0
2022/01/10-14:00:00,24.97,25.06,24.92,25.01,86898,0,0
2022/01/10-15:00:00,25.01,25.1875,24.96,25.1,197704,0,0
2022/01/10-16:00:00,25.21,25.4,25.21,25.28,12318,0,0
2022/01/11-05:00:00,25.5,25.5,25.5,25.5,235,0,0
2022/01/11-06:00:00,25.5,25.5,25.5,25.5,1,0,0
2022/01/11-07:00:00,25.49,25.53,25.49,25.53,419,0,0
2022/01/11-08:00:00,25.5,25.51,25.21,25.24,5392,0,0
2022/01/11-09:00:00,25.2,25.42,25.11,25.37,88775,0,0
2022/01/11-10:00:00,25.36,25.43,25.125,25.24,93611,0,0
2022/01/11-11:00:00,25.2223,25.49,25.2,25.33,93543,0,0
2022/01/11-12:00:00,25.32,25.3815,25.26,25.37,56475,0,0
2022/01/11-13:00:00,25.3762,25.44,25.36,25.4099,43364,0,0
2022/01/11-14:00:00,25.41,25.5208,25.41,25.52,61398,0,0
2022/01/11-15:00:00,25.54,25.6,25.3714,25.56,117450,0,0
2022/01/11-16:00:00,25.61,25.66,25.53,25.53,3025,0,0
2022/01/12-05:00:00,25.86,25.86,25.86,25.86,2,0,0
2022/01/12-06:00:00,25.86,25.86,25.86,25.86,134,0,0
2022/01/12-07:00:00,25.67,25.67,25.48,25.48,664,0,0
2022/01/12-08:00:00,25.53,25.7649,25.37,25.65,4909,0,0
2022/01/12-09:00:00,25.7699,25.89,25.415,25.42,171246,0,0
2022/01/12-10:00:00,25.42,25.53,25.29,25.4691,228954,0,0
2022/01/12-11:00:00,25.47,25.645,25.315,25.59,170003,0,0
2022/01/12-12:00:00,25.59,25.79,25.59,25.64,62917,0,0
2022/01/12-13:00:00,25.67,25.685,25.46,25.5388,122258,0,0
2022/01/12-14:00:00,25.53,25.58,25.4401,25.505,63228,0,0
2022/01/12-15:00:00,25.52,25.52,25.275,25.28,115098,0,0
2022/01/12-16:00:00,25.35,25.37,25.19,25.27,3861,0,0
2022/01/13-05:00:00,25.28,25.28,25.28,25.28,2,0,0
2022/01/13-06:00:00,25.27,25.27,25.27,25.27,33,0,0
2022/01/13-07:00:00,25.2,25.28,25.2,25.28,119,0,0
2022/01/13-08:00:00,25.44,25.53,25.38,25.5,9039,0,0
2022/01/13-09:00:00,25.54,25.55,25.3,25.35,76346,0,0
2022/01/13-10:00:00,25.36,25.5197,25.34,25.4,258460,0,0
2022/01/13-11:00:00,25.38,25.5876,25.36,25.56,80253,0,0
2022/01/13-12:00:00,25.565,25.665,25.46,25.54,74871,0,0
2022/01/13-13:00:00,25.54,25.74,25.43,25.74,103497,0,0
2022/01/13-14:00:00,25.75,25.82,25.665,25.79,59823,0,0
2022/01/13-15:00:00,25.79,26.025,25.79,25.96,184846,0,0
2022/01/13-16:00:00,25.97,26.11,25.97,25.98,3033,0,0
2022/01/14-04:00:00,26.07,26.07,26.07,26.07,86,0,0
2022/01/14-05:00:00,25.46,25.46,25.43,25.43,79,0,0
2022/01/14-06:00:00,25.43,25.43,25.43,25.43,160,0,0
2022/01/14-07:00:00,25.43,25.43,25.43,25.43,50,0,0
2022/01/14-08:00:00,25.1708,25.8,25.1708,25.77,3821,0,0
2022/01/14-09:00:00,25.8,25.8,25.19,25.3,179908,0,0
2022/01/14-10:00:00,25.3,25.34,24.96,25.22,239301,0,0
2022/01/14-11:00:00,25.21,25.37,25.01,25.1021,89176,0,0
2022/01/14-12:00:00,25.11,25.14,24.812,24.86,90494,0,0
2022/01/14-13:00:00,24.86,25.01,24.835,24.895,153551,0,0
2022/01/14-14:00:00,24.895,24.96,24.84,24.855,71975,0,0
2022/01/14-15:00:00,24.86,24.86,24.61,24.8,177318,0,0
2022/01/14-16:00:00,24.8,24.83,24.66,24.7,3015,0,0
2022/01/18-04:00:00,24.36,24.48,24.32,24.48,235,0,0
2022/01/18-05:00:00,24.48,24.5,24.47,24.47,715,0,0
2022/01/18-06:00:00,24.48,24.9,24.48,24.9,176,0,0
2022/01/18-07:00:00,24.68,24.68,24.68,24.68,354,0,0
2022/01/18-08:00:00,24.59,24.6,24.32,24.32,3017,0,0
2022/01/18-09:00:00,24.3,24.35,24.03,24.18,143955,0,0
2022/01/18-10:00:00,24.18,24.205,23.7899,23.9292,153507,0,0
2022/01/18-11:00:00,23.968,24.1,23.959,24.08,115884,0,0
2022/01/18-12:00:00,24.08,24.08,23.77,23.855,124263,0,0
2022/01/18-13:00:00,23.87,23.9498,23.78,23.93,84366,0,0
2022/01/18-14:00:00,23.93,24.08,23.8,23.81,131225,0,0
2022/01/18-15:00:00,23.82,23.92,23.69,23.69,159897,0,0
2022/01/18-16:00:00,23.69,23.75,23.63,23.7,12129,0,0
2022/01/19-04:00:00,23.17,23.17,23.17,23.17,106,0,0
2022/01/19-06:00:00,23.6,23.6,23.6,23.6,10,0,0
2022/01/19-07:00:00,23.62,23.85,23.61,23.76,2975,0,0
2022/01/19-08:00:00,23.7,24,23.7,23.8,5676,0,0
2022/01/19-09:00:00,23.79,24.06,23.79,23.99,70548,0,0
2022/01/19-10:00:00,23.99,24.1,23.84,24.05,92862,0,0
2022/01/19-11:00:00,24.05,24.24,24.02,24.08,123206,0,0
2022/01/19-12:00:00,24.075,24.31,24.06,24.22,77476,0,0
2022/01/19-13:00:00,24.23,24.48,24.22,24.43,81715,0,0
2022/01/19-14:00:00,24.4214,24.52,24.42,24.51,87059,0,0
2022/01/19-15:00:00,24.52,24.53,24.22,24.22,130462,0,0
2022/01/19-16:00:00,24.19,24.25,24.02,24.02,11878,0,0
2022/01/20-07:00:00,24.25,24.32,24.25,24.31,101,0,0
2022/01/20-08:00:00,24.29,24.4,24.29,24.34,20970,0,0
2022/01/20-09:00:00,24.38,24.46,24.27,24.39,105961,0,0
2022/01/20-10:00:00,24.39,24.43,24.32,24.37,107741,0,0
2022/01/20-11:00:00,24.3262,24.41,24.225,24.26,95553,0,0
2022/01/20-12:00:00,24.26,24.43,24.25,24.405,51159,0,0
2022/01/20-13:00:00,24.405,24.49,24.29,24.46,68664,0,0
2022/01/20-14:00:00,24.45,24.53,24.42,24.49,68824,0,0
2022/01/20-15:00:00,24.52,24.665,24.485,24.655,219728,0,0
2022/01/20-16:00:00,24.66,24.72,24.66,24.71,5129,0,0
2022/01/21-06:00:00,24.95,24.95,24.95,24.95,17,0,0
2022/01/21-07:00:00,25.07,25.07,25.07,25.07,185,0,0
2022/01/21-08:00:00,25.13,25.35,24.9,25.33,2909,0,0
2022/01/21-09:00:00,25.26,25.58,25.26,25.57,199671,0,0
2022/01/21-10:00:00,25.5798,25.78,25.235,25.33,368372,0,0
2022/01/21-11:00:00,25.35,25.36,25.03,25.29,246005,0,0
2022/01/21-12:00:00,25.32,25.59,25.3199,25.59,123885,0,0
2022/01/21-13:00:00,25.57,25.57,25.38,25.435,73791,0,0
2022/01/21-14:00:00,25.41,25.58,25.32,25.58,90944,0,0
2022/01/21-15:00:00,25.58,25.73,25.38,25.59,189666,0,0
2022/01/21-16:00:00,25.32,25.42,25.28,25.42,14175,0,0
2022/01/24-04:00:00,25.6,25.9,25.6,25.9,240,0,0
2022/01/24-05:00:00,25.9,26,25.78,25.78,8926,0,0
2022/01/24-06:00:00,25.99,25.99,25.71,25.71,681,0,0
2022/01/24-07:00:00,25.8,25.8,25.71,25.71,117,0,0
2022/01/24-08:00:00,25.75,25.9,25.53,25.76,3933,0,0
2022/01/24-09:00:00,25.83,25.92,25.62,25.795,247371,0,0
2022/01/24-10:00:00,25.795,25.9393,25.51,25.66,376370,0,0
2022/01/24-11:00:00,25.641,25.885,25.55,25.7445,188062,0,0
2022/01/24-12:00:00,25.75,25.84,25.53,25.69,215847,0,0
2022/01/24-13:00:00,25.68,25.79,25.56,25.6,244469,0,0
2022/01/24-14:00:00,25.57,25.57,25.28,25.28,167186,0,0
2022/01/24-15:00:00,25.27,25.29,24.88,24.8999,363151,0,0
2022/01/24-16:00:00,24.82,24.9,24.75,24.9,629,0,0
2022/01/25-04:00:00,24.78,24.8,24.63,24.63,165,0,0
2022/01/25-05:00:00,24.14,24.14,24.14,24.14,237,0,0
2022/01/25-06:00:00,24.2,24.2,24.2,24.2,1,0,0
2022/01/25-08:00:00,24.99,25.04,24.7401,25.04,533,0,0
2022/01/25-09:00:00,25.21,25.48,25.13,25.45,126570,0,0
2022/01/25-10:00:00,25.44,25.565,24.93,25.265,271870,0,0
2022/01/25-11:00:00,25.265,25.3,24.9,24.99,116447,0,0
2022/01/25-12:00:00,24.97,25.11,24.882,25.08,43764,0,0
2022/01/25-13:00:00,25.06,25.15,24.575,24.7,145045,0,0
2022/01/25-14:00:00,24.71,24.79,24.64,24.64,65199,0,0
2022/01/25-15:00:00,24.64,24.785,24.64,24.75,90012,0,0
2022/01/25-16:00:00,24.74,24.74,24.7,24.7,1191,0,0
2022/01/26-04:00:00,24.75,24.75,24.75,24.75,5,0,0
2022/01/26-06:00:00,24.23,24.23,24.23,24.23,200,0,0
2022/01/26-07:00:00,24.74,24.74,24.61,24.61,150,0,0
2022/01/26-08:00:00,24.23,24.79,24.23,24.76,1121,0,0
2022/01/26-09:00:00,24.73,24.9,24.62,24.64,109339,0,0
2022/01/26-10:00:00,24.64,24.92,24.63,24.77,121606,0,0
2022/01/26-11:00:00,24.79,24.85,24.65,24.77,130548,0,0
2022/01/26-12:00:00,24.77,24.86,24.76,24.83,69328,0,0
2022/01/26-13:00:00,24.84,24.96,24.67,24.7,110608,0,0
2022/01/26-14:00:00,24.7,24.785,24.05,24.14,582147,0,0
2022/01/26-15:00:00,24.13,24.4,23.9,23.9,438245,0,0
2022/01/26-16:00:00,23.89,24.01,23.88,24.01,1503,0,0
2022/01/27-04:00:00,23.93,23.93,23.93,23.93,1,0,0
2022/01/27-05:00:00,23.93,23.93,23.93,23.93,7,0,0
2022/01/27-07:00:00,24.8,24.8,24.8,24.8,1402,0,0
2022/01/27-08:00:00,24.68,24.8,24.24,24.74,3217,0,0
2022/01/27-09:00:00,24.73,25.25,24.73,25.15,228692,0,0
2022/01/27-10:00:00,25.14,25.23,24.942,25.075,273008,0,0
2022/01/27-11:00:00,25.07,25.2,24.99,25.13,73210,0,0
2022/01/27-12:00:00,25.13,25.325,25.13,25.18,179730,0,0
2022/01/27-13:00:00,25.18,25.35,25.12,25.24,175954,0,0
2022/01/27-14:00:00,25.24,25.29,25.05,25.11,155691,0,0
2022/01/27-15:00:00,25.11,25.22,25,25.22,111806,0,0
2022/01/27-16:00:00,25.17,25.17,25.06,25.14,3721,0,0
2022/01/28-04:00:00,24.35,24.35,24.35,24.35,436,0,0
2022/01/28-06:00:00,24.39,24.42,24.39,24.39,305,0,0
2022/01/28-07:00:00,24.58,24.66,24.58,24.65,2821,0,0
2022/01/28-08:00:00,24.62,24.69,24.38,24.65,3422,0,0
2022/01/28-09:00:00,24.73,25.05,24.55,24.95,104927,0,0
2022/01/28-10:00:00,24.95,25.12,24.72,24.95,124095,0,0
2022/01/28-11:00:00,24.96,25.17,24.94,25.12,81900,0,0
2022/01/28-12:00:00,25.12,25.24,25.07,25.19,39862,0,0
2022/01/28-13:00:00,25.19,25.265,25.1,25.22,34044,0,0
2022/01/28-14:00:00,25.22,25.358,25.22,25.27,61336,0,0
2022/01/28-15:00:00,25.25,25.39,25.19,25.205,146597,0,0
2022/01/28-16:00:00,25.22,25.35,25.12,25.35,1397,0,0
2022/01/31-05:00:00,25.23,25.23,25.23,25.23,1,0,0
2022/01/31-07:00:00,25.12,25.12,24.94,24.94,300,0,0
2022/01/31-08:00:00,24.97,25.05,24.67,24.79,3651,0,0
2022/01/31-09:00:00,24.92,24.93,24.6,24.8096,72867,0,0
2022/01/31-10:00:00,24.81,24.97,24.77,24.89,78294,0,0
2022/01/31-11:00:00,24.88,24.95,24.76,24.76,78541,0,0
2022/01/31-12:00:00,24.76,24.8056,24.69,24.76,53268,0,0
2022/01/31-13:00:00,24.755,25.0689,24.75,25.01,28729,0,0
2022/01/31-14:00:00,25.01,25.13,24.88,25.03,43160,0,0
2022/01/31-15:00:00,25.04,25.07,24.73,24.83,337800,0,0
2022/01/31-16:00:00,24.83,24.84,24.69,24.84,1611,0,0
2022/02/01-04:00:00,25,25,25,25,8,0,0
2022/02/01-05:00:00,25,25,25,25,15,0,0
2022/02/01-07:00:00,25.1,25.39,25.1,25.31,350,0,0
2022/02/01-08:00:00,25.38,25.38,24.97,24.97,68490,0,0
2022/02/01-09:00:00,24.98,24.98,24.47,24.61,122838,0,0
2022/02/01-10:00:00,24.62,24.65,24.31,24.31,176359,0,0
2022/02/01-11:00:00,24.285,24.4691,24.24,24.315,184237,0,0
2022/02/01-12:00:00,24.315,24.74,24.315,24.5875,49682,0,0
2022/02/01-13:00:00,24.5875,24.775,24.5795,24.7599,31167,0,0
2022/02/01-14:00:00,24.7298,24.75,24.61,24.63,39588,0,0
2022/02/01-15:00:00,24.62,24.6675,24.575,24.61,243845,0,0
2022/02/01-16:00:00,24.8,24.8,24.74,24.74,657,0,0
2022/02/02-04:00:00,24.58,24.58,24.58,24.58,3,0,0
2022/02/02-06:00:00,24.59,24.59,24.59,24.59,34,0,0
2022/02/02-07:00:00,24.96,25.11,24.96,25.02,2102,0,0
2022/02/02-08:00:00,25,25.14,24.57,24.57,33458,0,0
2022/02/02-09:00:00,24.56,25.2,24.52,25.18,84642,0,0
2022/02/02-10:00:00,25.18,25.23,25,25.09,98571,0,0
2022/02/02-11:00:00,25.09,25.43,25.06,25.36,105204,0,0
2022/02/02-12:00:00,25.36,25.45,25.29,25.45,125477,0,0
2022/02/02-13:00:00,25.44,25.5499,25.22,25.265,85551,0,0
2022/02/02-14:00:00,25.265,25.27,25.01,25.09,50520,0,0
2022/02/02-15:00:00,25.09,25.1,24.7295,24.85,125352,0,0
2022/02/02-16:00:00,24.92,24.92,24.86,24.86,802,0,0
2022/02/03-05:00:00,24.85,24.85,24.85,24.85,3,0,0
2022/02/03-07:00:00,24.62,24.62,24.54,24.54,750,0,0
2022/02/03-08:00:00,24.95,24.95,24.15,24.15,2494,0,0
2022/02/03-09:00:00,24.14,24.14,23.7997,23.98,97466,0,0
2022/02/03-10:00:00,23.97,24.19,23.87,24.07,106495,0,0
2022/02/03-11:00:00,24.07,24.299,23.975,24.29,79838,0,0
2022/02/03-12:00:00,24.29,24.435,24.21,24.2999,55249,0,0
2022/02/03-13:00:00,24.33,24.43,24.205,24.21,33027,0,0
2022/02/03-14:00:00,24.21,24.405,24.21,24.36,41674,0,0
2022/02/03-15:00:00,24.36,24.46,24.28,24.28,103069,0,0
2022/02/03-16:00:00,24.25,24.28,24.11,24.19,5840,0,0
2022/02/04-07:00:00,24.56,24.56,24.45,24.52,1878,0,0
2022/02/04-08:00:00,24.5299,24.67,23.51,23.51,25600,0,0
2022/02/04-09:00:00,23.51,23.75,23.44,23.47,157713,0,0
2022/02/04-10:00:00,23.47,23.47,23.06,23.17,228646,0,0
2022/02/04-11:00:00,23.18,23.375,23.165,23.33,95324,0,0
2022/02/04-12:00:00,23.33,23.4659,23.29,23.3,115091,0,0
2022/02/04-13:00:00,23.3,23.37,23.2132,23.215,55490,0,0
2022/02/04-14:00:00,23.215,23.3,23.11,23.11,125860,0,0
2022/02/04-15:00:00,23.11,23.1999,23.065,23.18,228560,0,0
2022/02/04-16:00:00,23.17,23.37,23.17,23.36,7034,0,0
2022/02/07-05:00:00,23.16,23.4,23.16,23.4,67,0,0
2022/02/07-08:00:00,23.25,23.37,23.09,23.09,2246,0,0
2022/02/07-09:00:00,23.16,23.18,23.05,23.05,165584,0,0
2022/02/07-10:00:00,23.0599,23.25,22.97,22.97,114923,0,0
2022/02/07-11:00:00,22.97,23.175,22.96,23.1343,63607,0,0
2022/02/07-12:00:00,23.1343,23.188,23.015,23.15,34860,0,0
2022/02/07-13:00:00,23.15,23.325,23.15,23.3,59573,0,0
2022/02/07-14:00:00,23.3,23.31,23.22,23.3,29148,0,0
2022/02/07-15:00:00,23.305,23.328,23.225,23.25,82765,0,0
2022/02/07-16:00:00,23.2,23.2,23.19,23.2,1041,0,0
2022/02/08-05:00:00,23.28,23.28,23.28,23.28,50,0,0
2022/02/08-06:00:00,22.96,22.96,22.96,22.96,75,0,0
2022/02/08-07:00:00,23.39,23.39,23.04,23.04,297,0,0
2022/02/08-08:00:00,23.0596,23.0596,22.85,22.87,1515,0,0
2022/02/08-09:00:00,22.84,22.855,22.655,22.7,119731,0,0
2022/02/08-10:00:00,22.71,22.79,22.59,22.69,115059,0,0
2022/02/08-11:00:00,22.69,22.85,22.69,22.75,57324,0,0
2022/02/08-12:00:00,22.75,22.858,22.7376,22.79,51158,0,0
2022/02/08-13:00:00,22.7603,22.89,22.76,22.87,44195,0,0
2022/02/08-14:00:00,22.89,22.958,22.83,22.84,81879,0,0
2022/02/08-15:00:00,22.85,22.89,22.735,22.74,128401,0,0
2022/02/08-16:00:00,22.78,22.82,22.73,22.73,2301,0,0
2022/02/09-05:00:00,23.55,23.55,23.25,23.25,27,0,0
2022/02/09-06:00:00,23.3,23.3,23.25,23.25,120,0,0
2022/02/09-07:00:00,23.17,23.19,23.1,23.14,1362,0,0
2022/02/09-08:00:00,23.1704,23.1704,22.92,23.01,1791,0,0
2022/02/09-09:00:00,23.07,23.1,22.94,22.9806,95762,0,0
2022/02/09-10:00:00,22.9806,23.17,22.97,23.0617,56940,0,0
2022/02/09-11:00:00,23.07,23.22,23.07,23.1681,52362,0,0
2022/02/09-12:00:00,23.1795,23.23,23.1,23.115,69204,0,0
2022/02/09-13:00:00,23.13,23.335,23.08,23.15,68756,0,0
2022/02/09-14:00:00,23.17,23.1799,23.0508,23.1,39499,0,0
2022/02/09-15:00:00,23.1,23.1,22.77,22.9,128247,0,0
2022/02/09-16:00:00,22.9,22.9089,22.82,22.88,2063,0,0
2022/02/10-04:00:00,23,23.04,23,23.04,13033,0,0
2022/02/10-05:00:00,23.04,23.04,23.04,23.04,5,0,0
2022/02/10-07:00:00,23.02,23.12,23.02,23.12,610,0,0
2022/02/10-08:00:00,23,23.12,22.34,22.34,28054,0,0
2022/02/10-09:00:00,22.33,22.5162,22.26,22.44,72989,0,0
2022/02/10-10:00:00,22.44,22.58,22.07,22.1,150857,0,0
2022/02/10-11:00:00,22.09,22.24,21.905,22.23,179012,0,0
2022/02/10-12:00:00,22.25,22.25,21.6989,21.77,135819,0,0
2022/02/10-13:00:00,21.77,22.29,21.61,22.16,207186,0,0
2022/02/10-14:00:00,22.17,22.28,22.03,22.08,47446,0,0
2022/02/10-15:00:00,22.08,22.1025,21.745,21.79,217698,0,0
2022/02/10-16:00:00,21.79,21.94,21.75,21.91,6507,0,0
2022/02/11-04:00:00,22.5,22.6,22.5,22.6,51,0,0
2022/02/11-05:00:00,22.59,22.59,22.59,22.59,11,0,0
2022/02/11-06:00:00,22.57,22.57,22.57,22.57,1,0,0
2022/02/11-07:00:00,22.28,22.35,22.22,22.32,1551,0,0
2022/02/11-08:00:00,22.25,22.55,21.98,22.22,4504,0,0
2022/02/11-09:00:00,22.2304,22.32,21.81,21.93,82574,0,0
2022/02/11-10:00:00,21.93,22.05,21.68,21.68,78272,0,0
2022/02/11-11:00:00,21.69,21.69,21.38,21.46,139121,0,0
2022/02/11-12:00:00,21.46,21.7169,21.41,21.71,141960,0,0
2022/02/11-13:00:00,21.68,22.63,21.565,22.4,423329,0,0
2022/02/11-14:00:00,22.405,22.805,22.155,22.63,438658,0,0
2022/02/11-15:00:00,22.63,22.87,22.56,22.77,374132,0,0
2022/02/11-16:00:00,22.82,22.9,22.77,22.8,1669,0,0
2022/02/14-04:00:00,22.78,23.12,22.76,23.12,4303,0,0
2022/02/14-05:00:00,23.12,23.12,23.11,23.11,119,0,0
2022/02/14-06:00:00,23.05,23.05,23.05,23.05,28,0,0
2022/02/14-07:00:00,22.97,22.97,22.49,22.63,1229,0,0
2022/02/14-08:00:00,22.92,22.92,22.25,22.3,7649,0,0
2022/02/14-09:00:00,22.27,22.4,22.0302,22.105,142268,0,0
2022/02/14-10:00:00,22.07,22.2293,21.81,21.81,121072,0,0
2022/02/14-11:00:00,21.8,21.88,21.6438,21.7493,131850,0,0
2022/02/14-12:00:00,21.7493,21.83,21.73,21.83,59978,0,0
2022/02/14-13:00:00,21.8296,22.345,21.8296,22.31,122772,0,0
2022/02/14-14:00:00,22.3,22.49,21.99,22.01,150512,0,0
2022/02/14-15:00:00,22.01,22.18,21.9,21.91,109397,0,0
2022/02/14-16:00:00,21.91,22.16,21.91,22.13,366,0,0
2022/02/15-04:00:00,21.5,21.5,21.5,21.5,7,0,0
2022/02/15-05:00:00,21.5,21.72,21.5,21.72,25,0,0
2022/02/15-06:00:00,21.5,21.89,21.45,21.45,155,0,0
2022/02/15-07:00:00,21.5,21.6,21.5,21.57,4858,0,0
2022/02/15-08:00:00,21.56,21.68,21.47,21.4799,5107,0,0
2022/02/15-09:00:00,21.47,21.55,21.34,21.36,87305,0,0
2022/02/15-10:00:00,21.3598,21.57,21.352,21.4301,154139,0,0
2022/02/15-11:00:00,21.4301,21.545,21.38,21.51,75178,0,0
2022/02/15-12:00:00,21.51,21.51,21.24,21.42,139175,0,0
2022/02/15-13:00:00,21.42,21.44,21.37,21.39,32113,0,0
2022/02/15-14:00:00,21.39,21.4,21.24,21.25,79445,0,0
2022/02/15-15:00:00,21.25,21.315,21.1491,21.17,188330,0,0
2022/02/15-16:00:00,21.19,21.28,21.13,21.27,2769,0,0
2022/02/16-07:00:00,21.35,21.41,21.2,21.41,932,0,0
2022/02/16-08:00:00,21.57,21.75,21,21.68,29116,0,0
2022/02/16-09:00:00,21.73,21.73,21.3557,21.47,72797,0,0
2022/02/16-10:00:00,21.47,21.47,21.23,21.385,110652,0,0
2022/02/16-11:00:00,21.41,21.4501,21.205,21.25,67478,0,0
2022/02/16-12:00:00,21.25,21.35,21.2,21.3,62991,0,0
2022/02/16-13:00:00,21.29,21.38,20.949,21.06,235253,0,0
2022/02/16-14:00:00,21.06,21.32,21.02,21.2,95403,0,0
2022/02/16-15:00:00,21.2112,21.575,21.18,21.54,155008,0,0
2022/02/16-16:00:00,21.51,21.6,21.42,21.43,3825,0,0
2022/02/17-05:00:00,22.08,22.08,22.08,22.08,1,0,0
2022/02/17-06:00:00,21.89,21.89,21.67,21.67,2,0,0
2022/02/17-07:00:00,21.67,21.72,21.61,21.7,1801,0,0
2022/02/17-08:00:00,21.7099,22.05,21.67,22.02,20401,0,0
2022/02/17-09:00:00,21.89,22.21,21.65,22.18,158716,0,0
2022/02/17-10:00:00,22.16,22.37,22.09,22.365,270776,0,0
2022/02/17-11:00:00,22.365,22.39,22.0206,22.0213,106177,0,0
2022/02/17-12:00:00,22.055,22.07,21.835,21.845,75682,0,0
2022/02/17-13:00:00,21.85,21.8627,21.6,21.7994,192732,0,0
2022/02/17-14:00:00,21.81,21.91,21.74,21.8,85134,0,0
2022/02/17-15:00:00,21.8,22.05,21.78,22.01,164490,0,0
2022/02/17-16:00:00,22.08,22.08,21.95,22.05,10811,0,0
2022/02/18-04:00:00,22.05,22.05,22.05,22.05,3,0,0
2022/02/18-06:00:00,22,22.2,22,22.2,11,0,0
2022/02/18-07:00:00,21.99,22.02,21.99,22.01,203,0,0
2022/02/18-08:00:00,21.95,22.39,21.95,22.37,9246,0,0
2022/02/18-09:00:00,22.4,22.48,22.19,22.21,104834,0,0
2022/02/18-10:00:00,22.21,22.4985,22.21,22.4,153271,0,0
2022/02/18-11:00:00,22.4,22.56,22.4,22.56,176056,0,0
2022/02/18-12:00:00,22.56,22.7308,22.495,22.56,135859,0,0
2022/02/18-13:00:00,22.55,22.68,22.51,22.65,62846,0,0
2022/02/18-14:00:00,22.65,22.66,22.5,22.52,63588,0,0
2022/02/18-15:00:00,22.56,22.76,22.52,22.74,177441,0,0
2022/02/18-16:00:00,22.66,22.79,22.63,22.68,4095,0,0
2022/02/22-04:00:00,22.89,22.89,22.85,22.85,1011,0,0
2022/02/22-05:00:00,23,23,22.69,22.69,1141,0,0
2022/02/22-06:00:00,22.67,22.67,22.5,22.5,5442,0,0
2022/02/22-07:00:00,22.71,22.71,22.47,22.54,750,0,0
2022/02/22-08:00:00,22.48,22.5,22.3,22.36,3255,0,0
2022/02/22-09:00:00,22.47,22.56,22.381,22.39,130546,0,0
2022/02/22-10:00:00,22.39,22.6,22.325,22.59,101761,0,0
2022/02/22-11:00:00,22.61,22.6893,22.45,22.61,110483,0,0
2022/02/22-12:00:00,22.6,22.805,22.55,22.805,53897,0,0
2022/02/22-13:00:00,22.8,22.86,22.71,22.8301,67132,0,0
2022/02/22-14:00:00,22.85,22.855,22.45,22.48,97068,0,0
2022/02/22-15:00:00,22.48,22.92,22.47,22.9,105778,0,0
2022/02/22-16:00:00,22.77,22.77,22.64,22.65,1266,0,0
2022/02/23-04:00:00,22.7,22.7,22.59,22.59,15,0,0
2022/02/23-05:00:00,22.59,22.59,22.59,22.59,1,0,0
2022/02/23-07:00:00,22.31,22.39,22.3,22.3,828,0,0
2022/02/23-08:00:00,22.38,22.45,22.22,22.3,15740,0,0
2022/02/23-09:00:00,22.35,22.46,21.94,22.07,84014,0,0
2022/02/23-10:00:00,22.07,22.39,22.055,22.39,197909,0,0
2022/02/23-11:00:00,22.4,22.49,22.25,22.25,108645,0,0
2022/02/23-12:00:00,22.26,22.32,22.16,22.2106,75410,0,0
2022/02/23-13:00:00,22.2188,22.45,22.2,22.45,48765,0,0
2022/02/23-14:00:00,22.45,22.45,22.09,22.17,67539,0,0
2022/02/23-15:00:00,22.19,22.275,21.89,21.92,189580,0,0
2022/02/23-16:00:00,21.93,21.97,21.79,21.82,1231,0,0
2022/02/24-04:00:00,22.45,23,22.45,23,546,0,0
2022/02/24-05:00:00,23.2,23.2,23.2,23.2,137,0,0
2022/02/24-06:00:00,23.2,23.2,23.01,23.2,1043,0,0
2022/02/24-07:00:00,23.32,23.54,23.25,23.52,22309,0,0
2022/02/24-08:00:00,23,23.58,22.98,23.56,51364,0,0
2022/02/24-09:00:00,23.35,23.38,22.71,22.89,344285,0,0
2022/02/24-10:00:00,22.9,22.992,22.47,22.56,265280,0,0
2022/02/24-11:00:00,22.55,22.57,22.23,22.25,371838,0,0
2022/02/24-12:00:00,22.25,22.55,22.202,22.43,234353,0,0
2022/02/24-13:00:00,22.44,22.69,22.35,22.5,280783,0,0
2022/02/24-14:00:00,22.49,22.51,21.84,21.845,268639,0,0
2022/02/24-15:00:00,21.86,22.09,21.72,22.02,225159,0,0
2022/02/24-16:00:00,22.02,22.11,21.85,22,2956,0,0
2022/02/25-06:00:00,22,22,21.96,21.96,1001,0,0
2022/02/25-07:00:00,21.96,22.35,21.5,21.5,4479,0,0
2022/02/25-08:00:00,21.78,21.82,21.65,21.8,2812,0,0
2022/02/25-09:00:00,21.77,22.44,21.74,21.87,78487,0,0
2022/02/25-10:00:00,21.87,22.19,21.86,22.17,119847,0,0
2022/02/25-11:00:00,22.18,22.2,21.98,21.98,65477,0,0
2022/02/25-12:00:00,21.98,22.025,21.735,21.8,67047,0,0
2022/02/25-13:00:00,21.8,21.865,21.72,21.74,37917,0,0
2022/02/25-14:00:00,21.72,21.92,21.705,21.84,35609,0,0
2022/02/25-15:00:00,21.845,22.07,21.8199,22.06,251598,0,0
2022/02/25-16:00:00,22.03,22.05,22.01,22.05,1051,0,0
2022/02/28-04:00:00,22.78,22.78,22.78,22.78,88,0,0
2022/02/28-05:00:00,22.66,22.66,22.42,22.42,1128,0,0
2022/02/28-06:00:00,22.74,22.74,22.74,22.74,1,0,0
2022/02/28-07:00:00,22.48,22.48,22.39,22.47,294,0,0
2022/02/28-08:00:00,22.5,22.81,22.43,22.79,2328,0,0
2022/02/28-09:00:00,22.8,22.99,22.71,22.9209,182229,0,0
2022/02/28-10:00:00,22.9209,23.09,22.83,22.96,241134,0,0
2022/02/28-11:00:00,22.96,23.08,22.84,22.98,117044,0,0
2022/02/28-12:00:00,22.98,23.17,22.94,23.13,167208,0,0
2022/02/28-13:00:00,23.125,23.15,23.01,23.06,101606,0,0
2022/02/28-14:00:00,23.1,23.4,23.1,23.31,237161,0,0
2022/02/28-15:00:00,23.33,23.55,23.27,23.48,634865,0,0
2022/02/28-16:00:00,23.525,23.61,23.48,23.61,1451,0,0
2022/03/01-04:00:00,23.46,23.59,23.46,23.59,24,0,0
2022/03/01-05:00:00,23.89,24.5,23.89,24.5,100,0,0
2022/03/01-06:00:00,24.47,24.5,24.47,24.5,67,0,0
2022/03/01-07:00:00,24.5,24.64,24.32,24.33,2748,0,0
2022/03/01-08:00:00,24.4042,24.6501,23.69,23.72,8737,0,0
2022/03/01-09:00:00,23.64,23.95,23.51,23.67,299337,0,0
2022/03/01-10:00:00,23.67,24.6,23.63,24.42,478343,0,0
2022/03/01-11:00:00,24.41,24.7938,24.3,24.41,355784,0,0
2022/03/01-12:00:00,24.41,24.55,23.975,24.19,315139,0,0
2022/03/01-13:00:00,24.19,24.64,24.06,24.55,210984,0,0
2022/03/01-14:00:00,24.55,24.58,24.18,24.29,169747,0,0
2022/03/01-15:00:00,24.29,24.41,24.19,24.31,331771,0,0
2022/03/01-16:00:00,24.27,24.32,24.1,24.3,1548,0,0
2022/03/02-04:00:00,24.28,24.28,24.28,24.28,50,0,0
2022/03/02-06:00:00,24.26,24.27,24,24,138,0,0
2022/03/02-07:00:00,23.86,24.02,23.76,24.02,871,0,0
2022/03/02-08:00:00,23.8,24.05,23.63,23.82,2394,0,0
2022/03/02-09:00:00,23.72,23.75,23.37,23.58,165623,0,0
2022/03/02-10:00:00,23.62,23.81,23.33,23.36,118449,0,0
2022/03/02-11:00:00,23.34,23.34,23.1,23.15,130040,0,0
2022/03/02-12:00:00,23.15,23.23,22.99,23.01,71867,0,0
2022/03/02-13:00:00,23.01,23.09,22.68,22.71,99720,0,0
2022/03/02-14:00:00,22.71,22.745,22.51,22.51,95941,0,0
2022/03/02-15:00:00,22.54,22.68,21.775,21.79,387587,0,0
2022/03/02-16:00:00,21.81,22.24,21.81,22.18,4117,0,0
2022/03/03-04:00:00,22.01,22.01,22.01,22.01,100,0,0
2022/03/03-05:00:00,22.39,22.39,22.39,22.39,1,0,0
2022/03/03-06:00:00,22.39,22.39,22.39,22.39,36,0,0
2022/03/03-07:00:00,22.44,22.45,22.31,22.33,1366,0,0
2022/03/03-08:00:00,22.44,22.59,22.3,22.36,4289,0,0
2022/03/03-09:00:00,22.35,22.35,22.0699,22.11,75010,0,0
2022/03/03-10:00:00,22.11,22.47,22.11,22.32,116311,0,0
2022/03/03-11:00:00,22.32,22.85,22.32,22.69,89530,0,0
2022/03/03-12:00:00,22.7001,22.72,22.36,22.51,50751,0,0
2022/03/03-13:00:00,22.52,22.6001,22.4801,22.4901,33461,0,0
2022/03/03-14:00:00,22.4901,22.6075,22.35,22.59,46202,0,0
2022/03/03-15:00:00,22.59,22.63,22.39,22.47,134597,0,0
2022/03/03-16:00:00,22.45,22.56,22.38,22.56,122,0,0
2022/03/04-04:00:00,22.9,22.9,22.9,22.9,1,0,0
2022/03/04-05:00:00,22.9,23.59,22.9,22.91,11,0,0
2022/03/04-07:00:00,23.1,23.22,23.08,23.13,2027,0,0
2022/03/04-08:00:00,23.4,23.44,23.09,23.3,6814,0,0
2022/03/04-09:00:00,23.28,23.82,23.28,23.73,220806,0,0
2022/03/04-10:00:00,23.73,23.82,23.395,23.7888,244502,0,0
2022/03/04-11:00:00,23.7888,23.9,23.69,23.73,176909,0,0
2022/03/04-12:00:00,23.73,23.74,23.34,23.37,108531,0,0
2022/03/04-13:00:00,23.37,23.51,23.16,23.51,97710,0,0
2022/03/04-14:00:00,23.5,23.69,23.46,23.62,80117,0,0
2022/03/04-15:00:00,23.6,23.725,23.45,23.63,214901,0,0
2022/03/04-16:00:00,23.62,23.62,23.32,23.45,1171,0,0
2022/03/07-04:00:00,23.62,23.63,23.62,23.62,53,0,0
2022/03/07-05:00:00,23.5,23.6,23.24,23.24,108,0,0
2022/03/07-07:00:00,23.27,23.28,23,23.02,1942,0,0
2022/03/07-08:00:00,23.1,23.2701,22.77,22.79,7733,0,0
2022/03/07-09:00:00,22.98,23.37,22.94,23.28,81532,0,0
2022/03/07-10:00:00,23.3,23.62,23.23,23.49,168577,0,0
2022/03/07-11:00:00,23.49,23.56,23.15,23.36,168009,0,0
2022/03/07-12:00:00,23.3799,23.74,23.3799,23.48,167834,0,0
2022/03/07-13:00:00,23.48,23.8,23.43,23.52,99842,0,0
2022/03/07-14:00:00,23.53,23.7,23.4,23.57,113776,0,0
2022/03/07-15:00:00,23.5709,23.5709,22.88,23.1199,379722,0,0
2022/03/07-16:00:00,23.06,23.2,22.98,23.2,1176,0,0
2022/03/08-04:00:00,22.5,22.5,22.5,22.5,1,0,0
2022/03/08-06:00:00,22.5,22.5,22.47,22.47,626,0,0
2022/03/08-07:00:00,22.66,22.67,22.27,22.46,526,0,0
2022/03/08-08:00:00,22.42,22.48,22.2,22.2,5190,0,0
2022/03/08-09:00:00,22.23,22.375,22.115,22.14,146278,0,0
2022/03/08-10:00:00,22.14,22.52,22.11,22.52,162204,0,0
2022/03/08-11:00:00,22.52,22.52,22.27,22.3299,106368,0,0
2022/03/08-12:00:00,22.31,22.5,22.25,22.47,121094,0,0
2022/03/08-13:00:00,22.47,22.5,22.335,22.38,61295,0,0
2022/03/08-14:00:00,22.38,22.61,22.35,22.38,54785,0,0
2022/03/08-15:00:00,22.39,22.6,22.34,22.42,326279,0,0
2022/03/08-16:00:00,22.35,22.68,22.35,22.53,2514,0,0
2022/03/09-04:00:00,22.36,22.36,22.36,22.36,2,0,0
2022/03/09-05:00:00,22.2,22.2,22,22.1,84,0,0
2022/03/09-07:00:00,22.09,22.17,22.09,22.11,203,0,0
2022/03/09-08:00:00,22.17,22.17,22,22.13,1869,0,0
2022/03/09-09:00:00,22.17,22.17,21.98,21.98,90408,0,0
2022/03/09-10:00:00,21.98,22.06,21.8708,21.9,199074,0,0
2022/03/09-11:00:00,21.93,22,21.86,21.88,98340,0,0
2022/03/09-12:00:00,21.8829,22.16,21.86,21.97,110176,0,0
2022/03/09-13:00:00,21.97,22.05,21.65,21.82,141618,0,0
2022/03/09-14:00:00,21.82,21.86,21.58,21.59,145641,0,0
2022/03/09-15:00:00,21.59,21.84,21.58,21.68,397038,0,0
2022/03/09-16:00:00,21.65,21.65,21.3,21.3,1941,0,0
2022/03/10-04:00:00,21.68,21.69,21.68,21.69,10,0,0
2022/03/10-06:00:00,21.5,21.5,21.43,21.43,16,0,0
2022/03/10-07:00:00,21.43,21.43,21,21.01,1997,0,0
2022/03/10-08:00:00,21.5,21.52,20.9,20.93,18964,0,0
2022/03/10-09:00:00,21,21.11,20.75,20.75,254837,0,0
2022/03/10-10:00:00,20.76,20.76,20.5,20.69,254813,0,0
2022/03/10-11:00:00,20.6964,20.88,20.5681,20.57,97951,0,0
2022/03/10-12:00:00,20.6,20.63,20.42,20.5,124413,0,0
2022/03/10-13:00:00,20.5,20.89,20.45,20.65,114080,0,0
2022/03/10-14:00:00,20.61,20.78,20.49,20.52,59538,0,0
2022/03/10-15:00:00,20.55,20.86,20.53,20.81,278691,0,0
2022/03/10-16:00:00,20.81,20.86,20.78,20.85,647,0,0
2022/03/11-04:00:00,20.81,20.81,20.8,20.8,25,0,0
2022/03/11-05:00:00,21,21.04,21,21.04,2,0,0
2022/03/11-06:00:00,21.05,21.11,20.7,21.11,9,0,0
2022/03/11-07:00:00,20.6,20.79,20.6,20.79,101,0,0
2022/03/11-08:00:00,20.8,20.8,20.56,20.71,6112,0,0
2022/03/11-09:00:00,20.71,20.9,20.61,20.79,80461,0,0
2022/03/11-10:00:00,20.785,20.92,20.74,20.8,102674,0,0
2022/03/11-11:00:00,20.82,21.179,20.7753,21.179,111980,0,0
2022/03/11-12:00:00,21.179,21.235,21.01,21.01,95835,0,0
2022/03/11-13:00:00,21.01,21.01,20.7699,20.8736,60013,0,0
2022/03/11-14:00:00,20.89,20.925,20.825,20.9,27860,0,0
2022/03/11-15:00:00,20.9,20.9958,20.9,20.9958,152319,0,0
2022/03/11-16:00:00,20.96,21.11,20.95,20.96,1776,0,0
2022/03/14-05:00:00,20,20.48,19.8,20.22,904,0,0
2022/03/14-06:00:00,20,20.19,19.99,19.99,89,0,0
2022/03/14-07:00:00,20.18,20.23,20.15,20.19,6087,0,0
2022/03/14-08:00:00,20.1796,20.42,20,20.12,4609,0,0
2022/03/14-09:00:00,20.17,20.17,19.86,19.89,162850,0,0
2022/03/14-10:00:00,19.89,19.96,19.7,19.795,167067,0,0
2022/03/14-11:00:00,19.795,19.92,19.73,19.75,75178,0,0
2022/03/14-12:00:00,19.752,19.8312,19.645,19.7895,69186,0,0
2022/03/14-13:00:00,19.82,19.82,19.635,19.73,51653,0,0
2022/03/14-14:00:00,19.73,19.76,19.56,19.58,120814,0,0
2022/03/14-15:00:00,19.58,19.7,19.505,19.54,235740,0,0
2022/03/14-16:00:00,19.5,19.59,19.49,19.53,14498,0,0
2022/03/14-17:00:00,19.71,19.71,19.61,19.63,1018,0,0
2022/03/15-06:00:00,19.73,19.79,19.69,19.69,430,0,0
2022/03/15-07:00:00,19.77,19.8,19.64,19.64,6769,0,0
2022/03/15-08:00:00,19.6199,19.84,19.6199,19.81,13751,0,0
2022/03/15-09:00:00,19.8,20.13,19.8,20.12,137211,0,0
2022/03/15-10:00:00,20.1099,20.13,19.7052,19.72,128105,0,0
2022/03/15-11:00:00,19.72,19.72,19.49,19.65,97535,0,0
2022/03/15-12:00:00,19.66,19.78,19.57,19.655,42707,0,0
2022/03/15-13:00:00,19.66,19.66,19.35,19.35,47489,0,0
2022/03/15-14:00:00,19.35,19.38,19.27,19.28,70245,0,0
2022/03/15-15:00:00,19.288,19.47,19.275,19.41,136331,0,0
2022/03/15-16:00:00,19.41,19.45,19.38,19.45,2213,0,0
2022/03/15-17:00:00,19.62,19.62,19.36,19.36,3,0,0
2022/03/16-04:00:00,19.4,19.4,19.17,19.18,89,0,0
2022/03/16-06:00:00,19.57,19.6,19.3,19.3,1763,0,0
2022/03/16-07:00:00,19.46,19.46,19.27,19.42,2316,0,0
2022/03/16-08:00:00,19.29,19.48,19.29,19.33,6239,0,0
2022/03/16-09:00:00,19.4,19.68,19.37,19.68,73119,0,0
2022/03/16-10:00:00,19.68,19.71,19.37,19.58,123294,0,0
2022/03/16-11:00:00,19.57,19.58,19.44,19.535,54984,0,0
2022/03/16-12:00:00,19.535,19.58,19.34,19.51,56788,0,0
2022/03/16-13:00:00,19.5216,19.64,19.31,19.35,79390,0,0
2022/03/16-14:00:00,19.35,19.82,18.88,19.75,517623,0,0
2022/03/16-15:00:00,19.79,20.11,19.57,20.03,382704,0,0
2022/03/16-16:00:00,19.98,19.98,19.8,19.83,10843,0,0
2022/03/16-17:00:00,19.98,19.99,19.83,19.83,201,0,0
2022/03/17-04:00:00,20.04,20.04,20.04,20.04,100,0,0
2022/03/17-06:00:00,20.6,20.62,20.25,20.37,1437,0,0
2022/03/17-07:00:00,20.49,20.5,20.37,20.37,318,0,0
2022/03/17-08:00:00,20.36,20.65,19.88,19.92,71540,0,0
2022/03/17-09:00:00,20.04,20.05,19.56,19.62,133751,0,0
2022/03/17-10:00:00,19.61,20.15,19.595,20.11,92393,0,0
2022/03/17-11:00:00,20.11,20.21,19.75,19.7895,83531,0,0
2022/03/17-12:00:00,19.8,19.93,19.73,19.875,49574,0,0
2022/03/17-13:00:00,19.8562,19.86,19.74,19.8033,45333,0,0
2022/03/17-14:00:00,19.8033,19.8033,19.39,19.4,123151,0,0
2022/03/17-15:00:00,19.4,19.545,19.2,19.545,225640,0,0
2022/03/17-16:00:00,19.39,19.62,19.39,19.62,5956,0,0
2022/03/17-17:00:00,19.74,19.74,19.74,19.74,50,0,0
2022/03/18-05:00:00,19.56,19.99,19.56,19.99,118,0,0
2022/03/18-06:00:00,19.97,19.97,19.97,19.97,1,0,0
2022/03/18-07:00:00,19.95,19.95,19.93,19.94,502,0,0
2022/03/18-08:00:00,19.91,19.98,19.8,19.83,1526,0,0
2022/03/18-09:00:00,19.88,20.26,19.78,20.23,66487,0,0
2022/03/18-10:00:00,20.23,20.26,20.07,20.1296,124758,0,0
2022/03/18-11:00:00,20.14,20.28,20.06,20.068,65576,0,0
2022/03/18-12:00:00,20.0604,20.12,19.9597,19.97,52952,0,0
2022/03/18-13:00:00,19.93,20.1294,19.88,20.11,56672,0,0
2022/03/18-14:00:00,20.11,20.279,20.11,20.1999,47617,0,0
2022/03/18-15:00:00,20.2,20.285,20.15,20.25,208748,0,0
2022/03/18-16:00:00,20.27,20.29,20.13,20.13,164,0,0
2022/03/18-17:00:00,20.1,20.25,20.06,20.25,88,0,0
2022/03/21-04:00:00,19.8,19.8,19.8,19.8,125,0,0
2022/03/21-05:00:00,19.9,19.9,19.9,19.9,1,0,0
2022/03/21-06:00:00,20,20,20,20,70,0,0
2022/03/21-07:00:00,20,20,19.78,19.78,872,0,0
2022/03/21-08:00:00,20,20,19.36,19.4299,11656,0,0
2022/03/21-09:00:00,19.47,19.47,19.24,19.41,239284,0,0
2022/03/21-10:00:00,19.4,19.4,19.21,19.21,250787,0,0
2022/03/21-11:00:00,19.23,19.365,19.21,19.34,218447,0,0
2022/03/21-12:00:00,19.34,19.36,19.14,19.205,251366,0,0
2022/03/21-13:00:00,19.21,19.22,18.95,18.98,288086,0,0
2022/03/21-14:00:00,18.97,19.04,18.83,18.83,198472,0,0
2022/03/21-15:00:00,18.82,18.955,18.585,18.81,507745,0,0
2022/03/21-16:00:00,18.8296,19.32,18.8296,19,1984,0,0
2022/03/21-17:00:00,19.29,19.29,18.83,19.25,32889,0,0
2022/03/22-04:00:00,18.6,18.7,18.52,18.52,223,0,0
2022/03/22-05:00:00,18.56,18.56,18.45,18.45,622,0,0
2022/03/22-06:00:00,18.78,18.78,18.45,18.45,370,0,0
2022/03/22-07:00:00,18.64,18.669,18.6,18.63,2322,0,0
2022/03/22-08:00:00,18.65,18.67,18.3,18.44,29151,0,0
2022/03/22-09:00:00,18.44,18.45,18.1107,18.12,259937,0,0
2022/03/22-10:00:00,18.12,18.34,18.08,18.285,232172,0,0
2022/03/22-11:00:00,18.245,18.37,18.11,18.295,106181,0,0
2022/03/22-12:00:00,18.295,18.38,18.27,18.27,60958,0,0
2022/03/22-13:00:00,18.27,18.32,18.16,18.16,57920,0,0
2022/03/22-14:00:00,18.16,18.33,18.16,18.21,116551,0,0
2022/03/22-15:00:00,18.21,18.24,17.9675,18.11,409796,0,0
2022/03/22-16:00:00,18.1499,18.1599,18.025,18.035,11420,0,0
2022/03/22-17:00:00,18.09,18.19,18.09,18.19,321,0,0
2022/03/23-04:00:00,18.05,18.05,18.05,18.05,28,0,0
2022/03/23-06:00:00,18.49,18.49,18.3,18.48,52,0,0
2022/03/23-07:00:00,18.15,18.15,18,18.01,4275,0,0
2022/03/23-08:00:00,18.2875,18.2875,17.87,18.17,24008,0,0
2022/03/23-09:00:00,18.25,18.45,18.2,18.41,118131,0,0
2022/03/23-10:00:00,18.41,18.43,18.17,18.34,104141,0,0
2022/03/23-11:00:00,18.34,18.3695,18.19,18.2527,98672,0,0
2022/03/23-12:00:00,18.26,18.77,18.26,18.73,152119,0,0
2022/03/23-13:00:00,18.73,18.9921,18.595,18.96,161491,0,0
2022/03/23-14:00:00,18.96,19.05,18.845,18.96,119015,0,0
2022/03/23-15:00:00,18.96,19.285,18.92,19.28,179402,0,0
2022/03/23-16:00:00,19.28,19.54,19.24,19.3,8483,0,0
2022/03/23-17:00:00,19.2458,19.33,19.03,19.03,2385,0,0
2022/03/24-04:00:00,19.1,19.12,19,19,242,0,0
2022/03/24-05:00:00,18.87,18.87,18.7,18.7,482,0,0
2022/03/24-06:00:00,18.63,18.63,18.44,18.44,426,0,0
2022/03/24-07:00:00,18.6,18.66,18.52,18.63,2531,0,0
2022/03/24-08:00:00,18.4401,18.9,18.4,18.58,13862,0,0
2022/03/24-09:00:00,18.57,18.6,18.38,18.525,159307,0,0
2022/03/24-10:00:00,18.53,18.76,18.4991,18.62,92086,0,0
2022/03/24-11:00:00,18.62,18.95,18.55,18.95,99050,0,0
2022/03/24-12:00:00,18.97,19.095,18.9502,18.9611,141896,0,0
2022/03/24-13:00:00,18.9611,19.08,18.8905,18.94,53724,0,0
2022/03/24-14:00:00,18.94,19.1439,18.92,19.05,73697,0,0
2022/03/24-15:00:00,19.06,19.1,18.8,18.81,249369,0,0
2022/03/24-16:00:00,18.89,18.97,18.77,18.77,4083,0,0
2022/03/24-17:00:00,18.68,19.03,18.68,18.93,70,0,0
2022/03/25-04:00:00,18.9,18.9,18.9,18.9,1,0,0
2022/03/25-05:00:00,19,19,19,19,100,0,0
2022/03/25-06:00:00,19,19,18.81,18.81,323,0,0
2022/03/25-07:00:00,19,19.03,19,19.03,145,0,0
2022/03/25-08:00:00,19.06,19.06,18.83,19.04,3396,0,0
2022/03/25-09:00:00,18.93,18.93,18.065,18.1158,353886,0,0
2022/03/25-10:00:00,18.1158,18.1615,17.6173,17.74,275395,0,0
2022/03/25-11:00:00,17.76,18.125,17.68,17.89,244800,0,0
2022/03/25-12:00:00,17.9002,18.295,17.9002,17.9903,130184,0,0
2022/03/25-13:00:00,17.99,18.18,17.9299,18.08,82254,0,0
2022/03/25-14:00:00,18.1,18.2601,17.99,18,109716,0,0
2022/03/25-15:00:00,17.99,18.175,17.98,18.07,244110,0,0
2022/03/25-16:00:00,18.04,18.1,18,18.03,969,0,0
2022/03/25-17:00:00,18.125,18.13,18.1,18.13,1154,0,0
2022/03/28-04:00:00,18.08,18.08,18.08,18.08,1,0,0
2022/03/28-06:00:00,18.09,18.1,18.09,18.1,56,0,0
2022/03/28-07:00:00,18.1,18.3,18.1,18.3,308,0,0
2022/03/28-08:00:00,18.3722,18.46,18.16,18.43,8125,0,0
2022/03/28-09:00:00,18.36,18.53,18.32,18.42,96099,0,0
2022/03/28-10:00:00,18.43,18.84,18.42,18.7,152634,0,0
2022/03/28-11:00:00,18.7,18.7603,18.31,18.4771,123325,0,0
2022/03/28-12:00:00,18.4771,18.4771,18.22,18.2897,101303,0,0
2022/03/28-13:00:00,18.2897,18.46,18.28,18.43,111444,0,0
2022/03/28-14:00:00,18.43,18.47,18.3297,18.35,51136,0,0
2022/03/28-15:00:00,18.34,18.58,18.33,18.53,126075,0,0
2022/03/28-16:00:00,18.58,18.64,18.56,18.57,1003,0,0
2022/03/28-17:00:00,18.43,18.63,18.43,18.63,199,0,0
2022/03/29-04:00:00,18.6,18.6,18.6,18.6,50,0,0
2022/03/29-05:00:00,18.1,18.1,18.1,18.1,20,0,0
2022/03/29-06:00:00,18.14,18.3,18.14,18.3,117,0,0
2022/03/29-07:00:00,18.24,18.28,18.03,18.03,1105,0,0
2022/03/29-08:00:00,18.2,18.66,18.1596,18.66,6429,0,0
2022/03/29-09:00:00,18.57,19.13,18.56,19.008,180633,0,0
2022/03/29-10:00:00,19.008,19.1392,18.6,18.63,247927,0,0
2022/03/29-11:00:00,18.63,19.01,18.51,19.005,161434,0,0
2022/03/29-12:00:00,18.99,19.202,18.82,19.202,226465,0,0
2022/03/29-13:00:00,19.2,19.27,19.02,19.06,221959,0,0
2022/03/29-14:00:00,19.1,19.12,18.73,18.84,139318,0,0
2022/03/29-15:00:00,18.84,18.945,18.698,18.94,149667,0,0
2022/03/29-16:00:00,18.98,19.2,18.98,19.07,8511,0,0
2022/03/29-17:00:00,18.94,19.05,18.92,19,489,0,0
2022/03/30-04:00:00,18.91,19.19,18.91,19.1,943,0,0
2022/03/30-05:00:00,19,19,18.92,18.92,221,0,0
2022/03/30-06:00:00,18.92,18.92,18.8,18.8,81,0,0
2022/03/30-07:00:00,18.8,18.89,18.8,18.89,601,0,0
2022/03/30-08:00:00,18.96,18.96,18.78,18.8,4949,0,0
2022/03/30-09:00:00,18.92,18.92,18.6,18.6903,127111,0,0
2022/03/30-10:00:00,18.7,19.19,18.6911,19.09,141924,0,0
2022/03/30-11:00:00,19.09,19.47,19.09,19.4001,278571,0,0
2022/03/30-12:00:00,19.39,19.445,19.32,19.34,97276,0,0
2022/03/30-13:00:00,19.33,19.475,19.13,19.21,74695,0,0
2022/03/30-14:00:00,19.21,19.31,19.19,19.28,114852,0,0
2022/03/30-15:00:00,19.29,19.455,19.22,19.36,140459,0,0
2022/03/30-16:00:00,19.465,19.465,19.25,19.31,134,0,0
2022/03/30-17:00:00,19.31,19.44,19.31,19.44,245,0,0
2022/03/31-04:00:00,19.39,19.4,19.39,19.39,480,0,0
2022/03/31-05:00:00,19.38,19.38,19.3,19.3,24,0,0
2022/03/31-06:00:00,19.3,19.5,19.3,19.5,1820,0,0
2022/03/31-07:00:00,19.42,19.6,19.42,19.6,49974,0,0
2022/03/31-08:00:00,19.5,19.6,19.39,19.4104,9018,0,0
2022/03/31-09:00:00,19.46,19.6001,19.3796,19.385,129931,0,0
2022/03/31-10:00:00,19.4,19.64,19.39,19.63,190868,0,0
2022/03/31-11:00:00,19.63,19.66,19.49,19.59,150636,0,0
2022/03/31-12:00:00,19.58,19.645,19.4993,19.59,89650,0,0
2022/03/31-13:00:00,19.6,19.68,19.59,19.6603,65782,0,0
2022/03/31-14:00:00,19.66,19.74,19.54,19.67,117305,0,0
2022/03/31-15:00:00,19.67,19.752,19.3307,19.61,573084,0,0
2022/03/31-16:00:00,19.46,19.75,19.42,19.6,7811,0,0
2022/03/31-17:00:00,19.56,19.69,19.56,19.69,216,0,0
2022/04/01-04:00:00,19.01,19.01,19.01,19.01,16,0,0
2022/04/01-05:00:00,19.01,19.1,18.9,18.9,221,0,0
2022/04/01-06:00:00,19,19.21,18.9,19.21,114,0,0
2022/04/01-07:00:00,18.87,19.12,18.83,19.12,1052,0,0
2022/04/01-08:00:00,19.22,19.22,18.87,18.95,5760,0,0
2022/04/01-09:00:00,18.98,19.03,18.55,18.74,194462,0,0
2022/04/01-10:00:00,18.76,19.18,18.71,19.18,197409,0,0
2022/04/01-11:00:00,19.18,19.67,19.08,19.67,295193,0,0
2022/04/01-12:00:00,19.67,19.9001,19.54,19.83,194390,0,0
2022/04/01-13:00:00,19.82,19.97,19.79,19.88,173543,0,0
2022/04/01-14:00:00,19.88,19.97,19.73,19.91,275387,0,0
2022/04/01-15:00:00,19.91,19.91,19.61,19.71,229452,0,0
2022/04/01-16:00:00,19.8004,19.91,19.8004,19.81,8501,0,0
2022/04/01-17:00:00,19.73,19.73,19.67,19.73,700,0,0
2022/04/04-04:00:00,19.17,19.66,19.17,19.6,2402,0,0
2022/04/04-05:00:00,19.59,19.59,19.49,19.49,583,0,0
2022/04/04-06:00:00,19.49,19.49,19.41,19.41,347,0,0
2022/04/04-07:00:00,19.41,19.55,19.41,19.55,427,0,0
2022/04/04-08:00:00,19.41,19.6999,19.3,19.65,6687,0,0
2022/04/04-09:00:00,19.64,19.64,19.14,19.14,105128,0,0
2022/04/04-10:00:00,19.13,19.25,18.9807,19.19,115518,0,0
2022/04/04-11:00:00,19.19,19.43,19.17,19.4272,70462,0,0
2022/04/04-12:00:00,19.45,19.47,19.35,19.3618,60163,0,0
2022/04/04-13:00:00,19.3618,19.47,19.3618,19.44,36979,0,0
2022/04/04-14:00:00,19.43,19.476,19.22,19.29,61285,0,0
2022/04/04-15:00:00,19.29,19.36,19.1406,19.32,109247,0,0
2022/04/04-16:00:00,19.38,19.5,19.32,19.47,1085,0,0
2022/04/05-04:00:00,19.1,19.1,18.99,18.99,2121,0,0
2022/04/05-05:00:00,18.99,18.99,18.91,18.91,7,0,0
2022/04/05-06:00:00,18.92,18.92,18.71,18.79,318,0,0
2022/04/05-07:00:00,18.89,18.89,18.71,18.71,232,0,0
2022/04/05-08:00:00,18.87,18.9,18.62,18.78,1594,0,0
2022/04/05-09:00:00,18.86,19,18.73,18.7914,101183,0,0
2022/04/05-10:00:00,18.78,18.8,18.2,18.22,211736,0,0
2022/04/05-11:00:00,18.2107,18.214,17.95,18.0299,209453,0,0
2022/04/05-12:00:00,18.0299,18.1,17.92,18.08,69793,0,0
2022/04/05-13:00:00,18.08,18.15,17.9526,17.9904,93048,0,0
2022/04/05-14:00:00,17.98,18.16,17.975,18.095,60643,0,0
2022/04/05-15:00:00,18.095,18.27,18.01,18.03,201303,0,0
2022/04/05-16:00:00,18.03,18.19,18,18.13,13253,0,0
2022/04/05-17:00:00,18.2,18.25,18.15,18.15,120,0,0
2022/04/06-04:00:00,17.97,17.97,17.5,17.77,156,0,0
2022/04/06-05:00:00,17.63,17.64,17.6,17.6,868,0,0
2022/04/06-06:00:00,17.5,17.58,17.2,17.33,1022,0,0
2022/04/06-07:00:00,17.46,17.46,17.2,17.22,3747,0,0
2022/04/06-08:00:00,17.23,17.47,17.2,17.2,32434,0,0
2022/04/06-09:00:00,17.19,17.4,17.11,17.4,226013,0,0
2022/04/06-10:00:00,17.4,17.57,17.205,17.25,328824,0,0
2022/04/06-11:00:00,17.25,17.74,17.24,17.58,238244,0,0
2022/04/06-12:00:00,17.58,17.67,17.51,17.6251,70328,0,0
2022/04/06-13:00:00,17.605,17.78,17.54,17.62,138411,0,0
2022/04/06-14:00:00,17.62,17.91,17.335,17.57,289517,0,0
2022/04/06-15:00:00,17.58,17.68,17.49,17.59,197176,0,0
2022/04/06-16:00:00,17.58,17.76,17.58,17.63,9053,0,0
2022/04/06-17:00:00,17.73,17.73,17.655,17.72,215,0,0
2022/04/07-06:00:00,17.7,17.7,17.53,17.53,30,0,0
2022/04/07-07:00:00,17.51,17.51,17.3,17.37,943,0,0
2022/04/07-08:00:00,17.32,17.56,17.21,17.31,15722,0,0
2022/04/07-09:00:00,17.32,17.32,16.8899,17.14,422039,0,0
2022/04/07-10:00:00,17.14,17.24,16.8883,16.9,559337,0,0
2022/04/07-11:00:00,16.9,17.09,16.73,16.92,356317,0,0
2022/04/07-12:00:00,16.92,17.11,16.82,17.03,185771,0,0
2022/04/07-13:00:00,17.03,17.095,16.9,16.9271,108671,0,0
2022/04/07-14:00:00,16.9271,17.03,16.82,17,138113,0,0
2022/04/07-15:00:00,16.99,17.19,16.97,17.18,286455,0,0
2022/04/07-16:00:00,17.17,17.21,17.04,17.04,5742,0,0
2022/04/07-17:00:00,17.17,17.19,17.14,17.19,177,0,0
2022/04/08-04:00:00,17.16,17.16,17.16,17.16,1,0,0
2022/04/08-05:00:00,17.1,17.16,17,17.16,394,0,0
2022/04/08-06:00:00,17.2,17.2,17.19,17.19,22,0,0
2022/04/08-07:00:00,17.08,17.08,16.91,16.94,2148,0,0
2022/04/08-08:00:00,17.08,17.11,16.61,16.72,31702,0,0
2022/04/08-09:00:00,16.75,16.826,16.61,16.74,215076,0,0
2022/04/08-10:00:00,16.75,16.8952,16.55,16.58,490062,0,0
2022/04/08-11:00:00,16.58,16.72,16.55,16.62,189602,0,0
2022/04/08-12:00:00,16.62,16.65,16.405,16.4564,130146,0,0
2022/04/08-13:00:00,16.4493,16.45,16.3286,16.415,150540,0,0
2022/04/08-14:00:00,16.415,16.44,16.272,16.4,112973,0,0
2022/04/08-15:00:00,16.4,16.5927,16.264,16.57,314969,0,0
2022/04/08-16:00:00,16.57,16.67,16.56,16.63,5838,0,0
2022/04/08-17:00:00,16.7,16.7,16.6899,16.69,94,0,0
2022/04/11-04:00:00,16.55,16.55,16.29,16.29,23,0,0
2022/04/11-05:00:00,16.32,16.33,16.32,16.33,1001,0,0
2022/04/11-06:00:00,16.33,16.33,16.27,16.27,271,0,0
2022/04/11-07:00:00,16.48,16.48,16.19,16.2,907,0,0
2022/04/11-08:00:00,16.6,16.6,15.93,16.17,70691,0,0
2022/04/11-09:00:00,16.26,16.32,16.03,16.05,471997,0,0
2022/04/11-10:00:00,16.05,16.1493,15.93,15.96,337183,0,0
2022/04/11-11:00:00,15.97,16.01,15.76,15.7792,236351,0,0
2022/04/11-12:00:00,15.7792,15.85,15.73,15.85,230435,0,0
2022/04/11-13:00:00,15.86,15.885,15.6201,15.75,254998,0,0
2022/04/11-14:00:00,15.76,15.8085,15.69,15.76,172157,0,0
2022/04/11-15:00:00,15.76,15.865,15.59,15.83,411079,0,0
2022/04/11-16:00:00,15.86,15.9,15.7,15.81,8221,0,0
2022/04/11-17:00:00,15.84,15.91,15.835,15.835,698,0,0
2022/04/12-04:00:00,15.74,15.74,15.72,15.72,14,0,0
2022/04/12-05:00:00,15.7,15.7,15.63,15.63,7,0,0
2022/04/12-06:00:00,15.91,15.98,15.75,15.97,15,0,0
2022/04/12-07:00:00,15.8,15.94,15.78,15.94,970,0,0
2022/04/12-08:00:00,15.72,16.27,15.72,16.16,71637,0,0
2022/04/12-09:00:00,16.16,16.21,16.01,16.1108,299330,0,0
2022/04/12-10:00:00,16.115,16.2,15.95,16.03,414517,0,0
2022/04/12-11:00:00,16.02,16.1688,15.97,15.99,267845,0,0
2022/04/12-12:00:00,15.99,16.1,15.915,16.01,166419,0,0
2022/04/12-13:00:00,16,16.03,15.65,15.6698,268341,0,0
2022/04/12-14:00:00,15.66,15.82,15.64,15.71,100575,0,0
2022/04/12-15:00:00,15.7,15.83,15.6792,15.7401,260298,0,0
2022/04/12-16:00:00,15.84,15.86,15.77,15.82,793,0,0
2022/04/12-17:00:00,15.79,15.85,15.79,15.84,403,0,0
2022/04/13-04:00:00,15.31,15.58,15.31,15.57,346,0,0
2022/04/13-05:00:00,15.57,15.57,15.55,15.55,240,0,0
2022/04/13-06:00:00,15.62,15.65,15.62,15.65,151,0,0
2022/04/13-07:00:00,15.66,15.68,15.56,15.56,853,0,0
2022/04/13-08:00:00,16,16,15.45,15.74,32919,0,0
2022/04/13-09:00:00,15.74,16.01,15.74,16.01,289720,0,0
2022/04/13-10:00:00,16.01,16.26,15.915,16.092,426830,0,0
2022/04/13-11:00:00,16.092,16.22,15.9708,16.2,229029,0,0
2022/04/13-12:00:00,16.2,16.21,15.9,15.9,226316,0,0
2022/04/13-13:00:00,15.9158,16.07,15.73,15.99,200810,0,0
2022/04/13-14:00:00,15.99,16.07,15.95,16,199147,0,0
2022/04/13-15:00:00,16,16.015,15.75,15.85,457193,0,0
2022/04/13-16:00:00,15.89,15.98,15.82,15.82,10269,0,0
2022/04/13-17:00:00,15.85,15.95,15.85,15.935,3055,0,0
2022/04/14-04:00:00,16.1,16.1,16.05,16.05,132,0,0
2022/04/14-06:00:00,15.87,15.87,15.7,15.7,363,0,0
2022/04/14-07:00:00,16.08,16.08,16.08,16.08,356,0,0
2022/04/14-08:00:00,16.06,16.06,15.69,15.81,50998,0,0
2022/04/14-09:00:00,15.75,15.91,15.16,15.22,250513,0,0
2022/04/14-10:00:00,15.2108,15.35,15.07,15.2866,302155,0,0
2022/04/14-11:00:00,15.2866,15.37,15.1038,15.11,229052,0,0
2022/04/14-12:00:00,15.11,15.15,14.845,14.94,218440,0,0
2022/04/14-13:00:00,14.94,15.06,14.83,14.875,154774,0,0
2022/04/14-14:00:00,14.89,14.92,14.765,14.85,149134,0,0
2022/04/14-15:00:00,14.86,14.91,14.815,14.885,259934,0,0
2022/04/14-16:00:00,14.88,14.9,14.86,14.87,5102,0,0
2022/04/14-17:00:00,14.87,14.98,14.77,14.93,869,0,0
2022/04/18-04:00:00,14.68,14.68,14.68,14.68,2,0,0
2022/04/18-05:00:00,14.68,14.68,14.68,14.68,2,0,0
2022/04/18-06:00:00,14.6,14.61,14.6,14.61,108,0,0
2022/04/18-07:00:00,14.79,14.8,14.79,14.8,225,0,0
2022/04/18-08:00:00,14.67,14.96,14.62,14.94,8828,0,0
2022/04/18-09:00:00,14.94,15.0086,14.775,14.83,180028,0,0
2022/04/18-10:00:00,14.788,14.87,14.67,14.7,144113,0,0
2022/04/18-11:00:00,14.69,14.71,14.57,14.6498,144903,0,0
2022/04/18-12:00:00,14.6498,14.6498,14.53,14.56,135685,0,0
2022/04/18-13:00:00,14.56,14.68,14.5,14.5299,193745,0,0
2022/04/18-14:00:00,14.52,14.69,14.52,14.62,99069,0,0
2022/04/18-15:00:00,14.62,14.725,14.61,14.66,165258,0,0
2022/04/18-16:00:00,14.64,14.8699,14.63,14.67,27273,0,0
2022/04/18-17:00:00,14.68,14.8699,14.55,14.67,12909,0,0
2022/04/19-04:00:00,14.52,14.52,14.34,14.34,204,0,0
2022/04/19-05:00:00,14.45,14.45,14.37,14.37,377,0,0
2022/04/19-06:00:00,14.37,14.44,14.35,14.44,313,0,0
2022/04/19-07:00:00,14.5,14.51,14.39,14.48,1400,0,0
2022/04/19-08:00:00,14.3801,14.51,14.3,14.34,28712,0,0
2022/04/19-09:00:00,14.32,14.4,14.2,14.2001,223776,0,0
2022/04/19-10:00:00,14.2001,14.31,14.13,14.28,544790,0,0
2022/04/19-11:00:00,14.28,14.48,14.26,14.465,344030,0,0
2022/04/19-12:00:00,14.465,14.51,14.33,14.41,227464,0,0
2022/04/19-13:00:00,14.41,14.42,14.26,14.2841,95469,0,0
2022/04/19-14:00:00,14.2841,14.35,14.265,14.32,104239,0,0
2022/04/19-15:00:00,14.34,14.38,14.17,14.36,285359,0,0
2022/04/19-16:00:00,14.34,14.34,14.2999,14.33,2876,0,0
2022/04/19-17:00:00,14.35,14.59,14.3,14.3299,521,0,0
2022/04/20-04:00:00,14.56,14.56,14.37,14.51,1153,0,0
2022/04/20-05:00:00,14.6,14.63,14.6,14.63,400,0,0
2022/04/20-06:00:00,14.7,14.9,14.7,14.9,1077,0,0
2022/04/20-07:00:00,14.75,14.89,14.73,14.81,2046,0,0
2022/04/20-08:00:00,14.8,14.9,14.54,14.6499,21805,0,0
2022/04/20-09:00:00,14.65,14.77,14.5704,14.68,208665,0,0
2022/04/20-10:00:00,14.6738,14.8,14.6738,14.73,203636,0,0
2022/04/20-11:00:00,14.73,14.93,14.67,14.8984,257285,0,0
2022/04/20-12:00:00,14.9,14.95,14.8312,14.9213,156929,0,0
2022/04/20-13:00:00,14.9213,15.32,14.92,15.12,446663,0,0
2022/04/20-14:00:00,15.12,15.23,15.06,15.23,148513,0,0
2022/04/20-15:00:00,15.23,15.25,15,15.2,494109,0,0
2022/04/20-16:00:00,15.21,15.3,15.16,15.24,6849,0,0
2022/04/20-17:00:00,15.23,15.23,15.21,15.23,734,0,0
2022/04/21-04:00:00,15.18,15.18,14.85,14.85,391,0,0
2022/04/21-05:00:00,15,15,14.93,14.93,247,0,0
2022/04/21-07:00:00,14.94,14.96,14.86,14.96,734,0,0
2022/04/21-08:00:00,14.9,15.14,14.8519,15.11,12330,0,0
2022/04/21-09:00:00,15.11,15.11,14.71,14.71,517312,0,0
2022/04/21-10:00:00,14.71,14.7796,14.381,14.5505,342883,0,0
2022/04/21-11:00:00,14.5505,14.64,14.3,14.42,359175,0,0
2022/04/21-12:00:00,14.4283,14.49,14.28,14.46,185370,0,0
2022/04/21-13:00:00,14.44,14.6904,14.3999,14.66,309376,0,0
2022/04/21-14:00:00,14.66,14.78,14.54,14.72,331717,0,0
2022/04/21-15:00:00,14.72,14.85,14.7,14.85,389054,0,0
2022/04/21-16:00:00,14.85,14.91,14.77,14.8,11843,0,0
2022/04/21-17:00:00,14.8,14.8,14.74,14.74,6371,0,0
2022/04/22-04:00:00,14.79,14.79,14.69,14.69,6,0,0
2022/04/22-05:00:00,14.67,14.68,14.67,14.68,600,0,0
2022/04/22-06:00:00,14.53,14.55,14.53,14.54,502,0,0
2022/04/22-07:00:00,14.68,14.8,14.68,14.8,901,0,0
2022/04/22-08:00:00,14.72,14.88,14.57,14.77,6560,0,0
2022/04/22-09:00:00,14.71,14.86,14.56,14.85,201593,0,0
2022/04/22-10:00:00,14.86,15.11,14.75,14.85,449407,0,0
2022/04/22-11:00:00,14.85,14.8687,14.63,14.72,190108,0,0
2022/04/22-12:00:00,14.72,14.75,14.5799,14.6492,146960,0,0
2022/04/22-13:00:00,14.6715,14.7,14.57,14.57,89697,0,0
2022/04/22-14:00:00,14.58,14.6699,14.5337,14.62,164119,0,0
2022/04/22-15:00:00,14.63,14.71,14.513,14.6,281462,0,0
2022/04/22-16:00:00,14.61,14.63,14.56,14.63,11431,0,0
2022/04/22-17:00:00,14.72,14.72,14.58,14.6,53352,0,0
2022/04/25-04:00:00,14.93,15.13,14.93,14.97,1278,0,0
2022/04/25-05:00:00,15.19,15.19,15.1,15.1,51,0,0
2022/04/25-06:00:00,15.1,15.15,15,15,511,0,0
2022/04/25-07:00:00,14.97,15.15,14.931,15.13,5189,0,0
2022/04/25-08:00:00,15.1499,15.18,14.92,15.06,90049,0,0
2022/04/25-09:00:00,15.04,15.38,14.9301,15.365,403480,0,0
2022/04/25-10:00:00,15.37,15.37,15.09,15.27,325083,0,0
2022/04/25-11:00:00,15.29,15.3699,15.17,15.2801,239938,0,0
2022/04/25-12:00:00,15.285,15.35,15.17,15.17,203787,0,0
2022/04/25-13:00:00,15.17,15.2006,15.0631,15.15,166472,0,0
2022/04/25-14:00:00,15.15,15.18,14.9912,15.06,188629,0,0
2022/04/25-15:00:00,15.06,15.21,15,15.03,239910,0,0
2022/04/25-16:00:00,15.05,15.13,15.01,15.01,1499,0,0
2022/04/25-17:00:00,15.09,15.09,15.09,15.09,1202,0,0
2022/04/26-05:00:00,15.16,15.35,15.16,15.2,26,0,0
2022/04/26-06:00:00,15.27,15.27,15.27,15.27,67,0,0
2022/04/26-07:00:00,15.26,15.35,15.26,15.35,1813,0,0
2022/04/26-08:00:00,15.26,15.47,15.19,15.46,15888,0,0
2022/04/26-09:00:00,15.49,15.54,15.44,15.44,224445,0,0
2022/04/26-10:00:00,15.44,15.68,15.3306,15.605,318985,0,0
2022/04/26-11:00:00,15.6,15.69,15.5,15.56,378394,0,0
2022/04/26-12:00:00,15.56,15.565,15.32,15.322,174046,0,0
2022/04/26-13:00:00,15.322,15.46,15.322,15.38,116421,0,0
2022/04/26-14:00:00,15.385,15.42,15.25,15.27,181758,0,0
2022/04/26-15:00:00,15.265,15.505,15.22,15.45,265887,0,0
2022/04/26-16:00:00,15.45,15.6,15.45,15.6,7236,0,0
2022/04/26-17:00:00,15.57,15.68,15.57,15.6,5203,0,0
2022/04/27-06:00:00,15.36,15.36,15.36,15.36,9,0,0
2022/04/27-07:00:00,15.31,15.36,15.22,15.36,1683,0,0
2022/04/27-08:00:00,15.31,15.57,15.23,15.49,53906,0,0
2022/04/27-09:00:00,15.42,15.53,15.1313,15.24,326266,0,0
2022/04/27-10:00:00,15.24,15.4279,14.95,15.055,283614,0,0
2022/04/27-11:00:00,15.04,15.09,14.879,14.975,222078,0,0
2022/04/27-12:00:00,14.97,15.0416,14.8827,14.93,192514,0,0
2022/04/27-13:00:00,14.93,15.04,14.84,15.03,245424,0,0
2022/04/27-14:00:00,15.03,15.05,14.91,14.91,276297,0,0
2022/04/27-15:00:00,14.91,14.9676,14.84,14.91,457097,0,0
2022/04/27-16:00:00,14.8604,14.88,14.83,14.85,2536,0,0
2022/04/27-17:00:00,14.9,14.9,14.85,14.85,1033,0,0
2022/04/28-04:00:00,15,15,15,15,128,0,0
2022/04/28-05:00:00,15,15,14.9,14.9,21,0,0
2022/04/28-06:00:00,14.85,14.85,14.85,14.85,1,0,0
2022/04/28-07:00:00,14.85,14.85,14.8,14.8,220,0,0
2022/04/28-08:00:00,14.98,14.98,14.5,14.54,80757,0,0
2022/04/28-09:00:00,14.54,14.94,14.41,14.75,243275,0,0
2022/04/28-10:00:00,14.73,14.86,14.56,14.63,244407,0,0
2022/04/28-11:00:00,14.63,14.77,14.57,14.63,155685,0,0
2022/04/28-12:00:00,14.63,14.7691,14.58,14.73,181467,0,0
2022/04/28-13:00:00,14.73,14.8388,14.62,14.77,234091,0,0
2022/04/28-14:00:00,14.75,14.81,14.69,14.74,181489,0,0
2022/04/28-15:00:00,14.74,14.93,14.74,14.915,188743,0,0
2022/04/28-16:00:00,14.95,15,14.91,14.98,10284,0,0
2022/04/28-17:00:00,15.01,15.09,15.01,15.09,180,0,0
2022/04/29-04:00:00,15,15,15,15,1,0,0
2022/04/29-06:00:00,15,15.05,14.8,15.05,71,0,0
2022/04/29-07:00:00,14.96,14.96,14.79,14.89,224,0,0
2022/04/29-08:00:00,14.89,14.89,14.63,14.63,5466,0,0
2022/04/29-09:00:00,14.6,14.8508,14.23,14.81,307020,0,0
2022/04/29-10:00:00,14.81,14.9,14.59,14.68,157781,0,0
2022/04/29-11:00:00,14.68,14.695,14.44,14.49,160020,0,0
2022/04/29-12:00:00,14.49,14.62,14.46,14.59,181791,0,0
2022/04/29-13:00:00,14.58,14.58,14.48,14.5,117464,0,0
2022/04/29-14:00:00,14.52,14.68,14.5115,14.56,168954,0,0
2022/04/29-15:00:00,14.55,14.62,14.255,14.355,679545,0,0
2022/04/29-16:00:00,14.36,14.36,14.11,14.14,9965,0,0
2022/04/29-17:00:00,14.17,14.17,14.12,14.12,797,0,0
2022/05/02-07:00:00,14.19,14.23,14.19,14.23,224,0,0
2022/05/02-08:00:00,14.1701,14.26,13.8501,13.86,15776,0,0
2022/05/02-09:00:00,13.85,13.98,13.681,13.75,418181,0,0
2022/05/02-10:00:00,13.75,14,13.695,13.81,472944,0,0
2022/05/02-11:00:00,13.81,13.81,13.63,13.65,281607,0,0
2022/05/02-12:00:00,13.65,13.69,13.61,13.67,234536,0,0
2022/05/02-13:00:00,13.66,13.81,13.61,13.75,275964,0,0
2022/05/02-14:00:00,13.74,13.77,13.61,13.6152,410013,0,0
2022/05/02-15:00:00,13.61,13.67,13.52,13.64,511209,0,0
2022/05/02-16:00:00,13.71,13.88,13.71,13.88,2603,0,0
2022/05/02-17:00:00,13.8699,13.87,13.73,13.75,130,0,0
2022/05/03-04:00:00,13.79,14,13.79,13.86,565,0,0
2022/05/03-05:00:00,13.86,13.86,13.81,13.81,148,0,0
2022/05/03-07:00:00,13.95,14.12,13.95,14.06,830,0,0
2022/05/03-08:00:00,13.9699,14.15,13.85,14.15,13730,0,0
2022/05/03-09:00:00,14.16,14.3499,14.16,14.32,257252,0,0
2022/05/03-10:00:00,14.32,14.32,14.132,14.2,260914,0,0
2022/05/03-11:00:00,14.2,14.28,14.14,14.15,138581,0,0
2022/05/03-12:00:00,14.15,14.16,14.0001,14.14,150328,0,0
2022/05/03-13:00:00,14.15,14.18,14.06,14.12,133850,0,0
2022/05/03-14:00:00,14.135,14.15,14.01,14.05,191345,0,0
2022/05/03-15:00:00,14.05,14.05,13.865,13.9,172607,0,0
2022/05/03-16:00:00,13.87,14.05,13.87,13.98,1755,0,0
2022/05/03-17:00:00,14.09,14.09,13.94,13.94,360,0,0
2022/05/04-04:00:00,14,14,14,14,1,0,0
2022/05/04-07:00:00,14.09,14.12,14.09,14.09,1000,0,0
2022/05/04-08:00:00,14.0899,14.18,14,14.06,8654,0,0
2022/05/04-09:00:00,14.06,14.11,13.671,13.75,193756,0,0
2022/05/04-10:00:00,13.75,13.86,13.6897,13.85,170921,0,0
2022/05/04-11:00:00,13.85,14.09,13.85,14,98771,0,0
2022/05/04-12:00:00,14,14.02,13.825,13.88,148529,0,0
2022/05/04-13:00:00,13.89,13.975,13.85,13.94,195644,0,0
2022/05/04-14:00:00,13.94,14.12,13.6695,14.05,641410,0,0
2022/05/04-15:00:00,14.05,14.23,13.92,14.09,503039,0,0
2022/05/04-16:00:00,14.05,14.05,13.79,13.84,2884,0,0
2022/05/04-17:00:00,13.85,14.09,13.85,14.02,1524,0,0
2022/05/05-04:00:00,13.8,13.8,13.75,13.75,47,0,0
2022/05/05-05:00:00,13.75,13.75,13.75,13.75,5,0,0
2022/05/05-06:00:00,13.8,13.8,13.8,13.8,100,0,0
2022/05/05-07:00:00,13.86,13.86,13.84,13.84,500,0,0
2022/05/05-08:00:00,13.92,13.99,13.72,13.72,18901,0,0
2022/05/05-09:00:00,13.7,13.7,12.95,13.08,533167,0,0
2022/05/05-10:00:00,13.08,13.09,12.91,12.911,489466,0,0
2022/05/05-11:00:00,12.911,12.9402,12.58,12.68,653723,0,0
2022/05/05-12:00:00,12.68,12.78,12.55,12.6,226615,0,0
2022/05/05-13:00:00,12.605,12.7,12.479,12.54,184091,0,0
2022/05/05-14:00:00,12.54,12.7981,12.5099,12.78,355778,0,0
2022/05/05-15:00:00,12.79,12.97,12.74,12.95,628671,0,0
2022/05/05-16:00:00,13,13.08,12.96,13.08,3084,0,0
2022/05/05-17:00:00,13,13.05,12.97,12.97,1315,0,0
2022/05/06-04:00:00,12.95,13,12.94,13,108,0,0
2022/05/06-05:00:00,12.8,12.9,12.79,12.9,206,0,0
2022/05/06-06:00:00,12.71,12.71,12.7,12.7,31,0,0
2022/05/06-07:00:00,12.81,12.81,12.67,12.74,3220,0,0
2022/05/06-08:00:00,12.7104,12.97,12.56,12.61,17760,0,0
2022/05/06-09:00:00,12.58,12.835,12.3905,12.79,336963,0,0
2022/05/06-10:00:00,12.79,12.8064,12.5,12.5488,252588,0,0
2022/05/06-11:00:00,12.54,12.65,12.44,12.63,374678,0,0
2022/05/06-12:00:00,12.64,12.72,12.58,12.58,316466,0,0
2022/05/06-13:00:00,12.58,12.58,12.34,12.34,223427,0,0
2022/05/06-14:00:00,12.34,12.39,12.29,12.29,218065,0,0
2022/05/06-15:00:00,12.3,12.4,12.26,12.39,333892,0,0
2022/05/06-16:00:00,12.35,12.35,12.2,12.22,3212,0,0
2022/05/06-17:00:00,12.25,12.31,12.25,12.31,2632,0,0
2022/05/09-04:00:00,12.01,12.03,11.98,12.02,489,0,0
2022/05/09-05:00:00,12.02,12.02,11.84,11.84,524,0,0
2022/05/09-06:00:00,11.85,11.89,11.8,11.84,2945,0,0
2022/05/09-07:00:00,11.98,11.98,11.86,11.86,8503,0,0
2022/05/09-08:00:00,11.91,12.08,11.83,12.05,37602,0,0
2022/05/09-09:00:00,12.07,12.2323,12,12.23,612538,0,0
2022/05/09-10:00:00,12.23,12.28,12.04,12.27,612555,0,0
2022/05/09-11:00:00,12.29,12.43,12.28,12.32,744531,0,0
2022/05/09-12:00:00,12.32,12.4,12.2083,12.38,278127,0,0
2022/05/09-13:00:00,12.38,12.4699,12.34,12.36,191035,0,0
2022/05/09-14:00:00,12.355,12.44,12.3203,12.41,258316,0,0
2022/05/09-15:00:00,12.4,12.7099,12.395,12.69,545047,0,0
2022/05/09-16:00:00,12.7,12.77,12.67,12.77,8418,0,0
2022/05/09-17:00:00,12.72,12.8,12.61,12.65,10851,0,0
2022/05/10-04:00:00,12.82,13.02,12.81,13.02,1916,0,0
2022/05/10-05:00:00,12.9,12.9,12.9,12.9,3,0,0
2022/05/10-06:00:00,12.84,12.9,12.84,12.89,607,0,0
2022/05/10-07:00:00,12.85,12.92,12.85,12.92,1323,0,0
2022/05/10-08:00:00,12.8,13.29,12.79,13.16,26133,0,0
2022/05/10-09:00:00,13.18,13.22,13.005,13.115,260971,0,0
2022/05/10-10:00:00,13.115,13.31,13.03,13.2691,264491,0,0
2022/05/10-11:00:00,13.272,13.4554,13.19,13.4,642301,0,0
2022/05/10-12:00:00,13.4,13.42,13.29,13.29,318150,0,0
2022/05/10-13:00:00,13.29,13.3405,13.1,13.12,190329,0,0
2022/05/10-14:00:00,13.12,13.18,12.97,13,192161,0,0
2022/05/10-15:00:00,13,13.175,12.97,13.065,255963,0,0
2022/05/10-16:00:00,13,13.05,12.99,12.99,4720,0,0
2022/05/10-17:00:00,13.06,13.06,12.98,12.98,1072,0,0
2022/05/11-04:00:00,13.3,13.49,13.3,13.49,866,0,0
2022/05/11-05:00:00,13.33,13.48,13.32,13.32,233,0,0
2022/05/11-07:00:00,13.32,13.32,13.29,13.3,855,0,0
2022/05/11-08:00:00,13.3101,13.33,12.39,12.41,51916,0,0
2022/05/11-09:00:00,12.43,13.03,12.43,12.71,566772,0,0
2022/05/11-10:00:00,12.72,13.085,12.63,13.0687,431280,0,0
2022/05/11-11:00:00,13.07,13.355,13.005,13.31,330797,0,0
2022/05/11-12:00:00,13.315,13.52,13.29,13.495,248865,0,0
2022/05/11-13:00:00,13.5,13.6584,13.375,13.615,315043,0,0
2022/05/11-14:00:00,13.62,13.6696,13.54,13.64,195279,0,0
2022/05/11-15:00:00,13.64,13.77,13.62,13.77,309186,0,0
2022/05/11-16:00:00,13.78,13.8,13.47,13.6,10161,0,0
2022/05/11-17:00:00,13.62,13.84,13.57,13.7,9401,0,0
2022/05/12-04:00:00,14.2,14.2,13.81,14.09,2905,0,0
2022/05/12-05:00:00,14.08,14.25,14.03,14.25,22411,0,0
2022/05/12-06:00:00,14.23,14.23,14,14,2445,0,0
2022/05/12-07:00:00,14.1,14.12,13.99,14.12,6649,0,0
2022/05/12-08:00:00,14,14.17,13.98,14.05,37902,0,0
2022/05/12-09:00:00,14.07,14.11,13.8,13.845,486543,0,0
2022/05/12-10:00:00,13.845,13.95,13.73,13.84,297785,0,0
2022/05/12-11:00:00,13.86,14.03,13.7,14.02,227105,0,0
2022/05/12-12:00:00,14.02,14.0585,13.75,13.76,235277,0,0
2022/05/12-13:00:00,13.78,14.0302,13.78,13.94,254962,0,0
2022/05/12-14:00:00,13.94,14.1116,13.87,14.1,245978,0,0
2022/05/12-15:00:00,14.1,14.1,13.682,13.71,951613,0,0
2022/05/12-16:00:00,13.71,13.88,13.68,13.7,9923,0,0
2022/05/12-17:00:00,13.78,14.15,13.78,14.15,672,0,0
2022/05/13-04:00:00,13.43,13.43,13.34,13.35,170,0,0
2022/05/13-05:00:00,13.35,13.35,13.31,13.31,324,0,0
2022/05/13-06:00:00,13.31,13.42,13.31,13.42,350,0,0
2022/05/13-07:00:00,13.35,13.35,13.3,13.3,11,0,0
2022/05/13-08:00:00,13.35,13.48,13.27,13.31,25792,0,0
2022/05/13-09:00:00,13.3,13.5,13.23,13.25,138877,0,0
2022/05/13-10:00:00,13.282,13.46,13.22,13.42,300195,0,0
2022/05/13-11:00:00,13.42,13.4562,13.31,13.32,142394,0,0
2022/05/13-12:00:00,13.32,13.32,13.17,13.175,145314,0,0
2022/05/13-13:00:00,13.18,13.2,13.12,13.17,141062,0,0
2022/05/13-14:00:00,13.17,13.275,13.1194,13.14,180688,0,0
2022/05/13-15:00:00,13.145,13.165,13.075,13.09,184873,0,0
2022/05/13-16:00:00,13.1,13.25,13.0904,13.25,2268,0,0
2022/05/13-17:00:00,13.28,13.28,13.14,13.14,21,0,0
2022/05/16-04:00:00,13.14,13.28,13.14,13.28,8,0,0
2022/05/16-05:00:00,13.28,13.3,13.1,13.1,2243,0,0
2022/05/16-07:00:00,13.09,13.09,13.09,13.09,8,0,0
2022/05/16-08:00:00,13.25,13.28,13.05,13.13,9283,0,0
2022/05/16-09:00:00,13.13,13.37,13.07,13.29,167619,0,0
2022/05/16-10:00:00,13.29,13.405,13.195,13.33,415958,0,0
2022/05/16-11:00:00,13.3378,13.41,13.2976,13.38,181448,0,0
2022/05/16-12:00:00,13.38,13.42,13.33,13.37,128171,0,0
2022/05/16-13:00:00,13.37,13.37,13.18,13.19,142226,0,0
2022/05/16-14:00:00,13.19,13.24,13.15,13.215,181532,0,0
2022/05/16-15:00:00,13.215,13.215,13.065,13.085,264861,0,0
2022/05/16-16:00:00,13.11,13.11,13.08,13.08,288,0,0
2022/05/16-17:00:00,13.05,13.12,13.05,13.12,3260,0,0
2022/05/17-04:00:00,12.95,13.04,12.95,13.04,262,0,0
2022/05/17-06:00:00,13.05,13.05,13.05,13.05,500,0,0
2022/05/17-07:00:00,12.97,13,12.96,13,617,0,0
2022/05/17-08:00:00,12.9501,13.06,12.79,12.79,8845,0,0
2022/05/17-09:00:00,12.78,12.82,12.6,12.72,138938,0,0
2022/05/17-10:00:00,12.72,12.88,12.625,12.77,184659,0,0
2022/05/17-11:00:00,12.77,12.785,12.6713,12.74,130182,0,0
2022/05/17-12:00:00,12.74,12.76,12.635,12.65,88958,0,0
2022/05/17-13:00:00,12.66,12.78,12.6599,12.75,72851,0,0
2022/05/17-14:00:00,12.75,12.79,12.66,12.69,142032,0,0
2022/05/17-15:00:00,12.69,12.7385,12.5624,12.5981,240267,0,0
2022/05/17-16:00:00,12.63,12.63,12.48,12.51,17565,0,0
2022/05/17-17:00:00,12.56,12.62,12.53,12.6,5876,0,0
2022/05/18-04:00:00,12.66,12.66,12.66,12.66,118,0,0
2022/05/18-05:00:00,12.72,12.72,12.72,12.72,3,0,0
2022/05/18-06:00:00,12.66,12.66,12.6,12.6,801,0,0
2022/05/18-07:00:00,12.56,12.56,12.56,12.56,1,0,0
2022/05/18-08:00:00,12.52,12.68,12.45,12.5,33439,0,0
2022/05/18-09:00:00,12.54,12.8887,12.54,12.8795,145533,0,0
2022/05/18-10:00:00,12.8795,13.0477,12.81,12.94,230249,0,0
2022/05/18-11:00:00,12.93,13.1002,12.93,13.05,224707,0,0
2022/05/18-12:00:00,13.05,13.14,13.02,13.08,171537,0,0
2022/05/18-13:00:00,13.08,13.3797,13.08,13.3494,185070,0,0
2022/05/18-14:00:00,13.34,13.3781,13.26,13.37,342061,0,0
2022/05/18-15:00:00,13.38,13.428,13.31,13.37,321720,0,0
2022/05/18-16:00:00,13.37,13.49,13.35,13.4199,18879,0,0
2022/05/18-17:00:00,13.4,13.4,13.36,13.38,214,0,0
2022/05/19-04:00:00,13.47,13.6,13.47,13.6,165,0,0
2022/05/19-05:00:00,13.6,13.76,13.59,13.76,1422,0,0
2022/05/19-06:00:00,13.75,13.9,13.75,13.75,511,0,0
2022/05/19-07:00:00,13.51,13.75,13.51,13.7,3661,0,0
2022/05/19-08:00:00,13.65,14.07,13.65,14.04,67588,0,0
2022/05/19-09:00:00,14.04,14.04,13.75,13.89,480487,0,0
2022/05/19-10:00:00,13.89,13.89,13.6713,13.87,311627,0,0
2022/05/19-11:00:00,13.88,13.89,13.63,13.706,212561,0,0
2022/05/19-12:00:00,13.706,13.706,13.51,13.63,138465,0,0
2022/05/19-13:00:00,13.6235,13.6235,13.38,13.4712,160204,0,0
2022/05/19-14:00:00,13.48,13.51,13.3901,13.4352,82213,0,0
2022/05/19-15:00:00,13.43,13.59,13.405,13.49,214921,0,0
2022/05/19-16:00:00,13.49,13.6,13.45,13.56,6167,0,0
2022/05/19-17:00:00,13.53,13.53,13.53,13.53,2,0,0
2022/05/20-04:00:00,13.75,13.75,13.49,13.72,165,0,0
2022/05/20-05:00:00,13.69,13.69,13.69,13.69,45,0,0
2022/05/20-06:00:00,13.24,13.28,13.24,13.25,498,0,0
2022/05/20-07:00:00,13.49,13.49,13.3,13.3,935,0,0
2022/05/20-08:00:00,13.34,13.79,13.3,13.79,6958,0,0
2022/05/20-09:00:00,13.7,13.74,13.44,13.51,99788,0,0
2022/05/20-10:00:00,13.51,13.85,13.49,13.8,187014,0,0
2022/05/20-11:00:00,13.8,13.92,13.71,13.83,182510,0,0
2022/05/20-12:00:00,13.84,14.08,13.82,14.05,293037,0,0
2022/05/20-13:00:00,14.05,14.115,13.84,13.9,277796,0,0
2022/05/20-14:00:00,13.9,14.03,13.9,13.97,159463,0,0
2022/05/20-15:00:00,13.99,14.06,13.93,13.95,421699,0,0
2022/05/20-16:00:00,13.98,14,13.93,13.97,168055,0,0
2022/05/20-17:00:00,13.91,14.03,13.91,14.03,120,0,0
2022/05/23-04:00:00,13.97,13.97,13.97,13.97,5,0,0
2022/05/23-07:00:00,13.7,13.74,13.7,13.71,1711,0,0
2022/05/23-08:00:00,13.66,13.89,13.57,13.58,13325,0,0
2022/05/23-09:00:00,13.6,13.85,13.53,13.78,264239,0,0
2022/05/23-10:00:00,13.78,13.84,13.59,13.6092,139627,0,0
2022/05/23-11:00:00,13.6,13.65,13.37,13.4604,232686,0,0
2022/05/23-12:00:00,13.47,13.5,13.36,13.41,137353,0,0
2022/05/23-13:00:00,13.4,13.485,13.39,13.4167,73001,0,0
2022/05/23-14:00:00,13.42,13.44,13.3,13.37,244128,0,0
2022/05/23-15:00:00,13.36,13.36,13.255,13.28,213731,0,0
2022/05/23-16:00:00,13.26,13.33,13.26,13.33,2599,0,0
2022/05/23-17:00:00,13.4,13.4099,13.28,13.34,22130,0,0
2022/05/24-04:00:00,13.52,13.8,13.52,13.79,3879,0,0
2022/05/24-05:00:00,13.66,13.66,13.65,13.65,552,0,0
2022/05/24-06:00:00,13.65,13.65,13.65,13.65,3495,0,0
2022/05/24-07:00:00,13.62,13.67,13.61,13.67,840,0,0
2022/05/24-08:00:00,13.61,13.78,13.61,13.6301,5768,0,0
2022/05/24-09:00:00,13.69,13.999,13.66,13.9699,337781,0,0
2022/05/24-10:00:00,13.9638,14.28,13.9638,14.1827,445868,0,0
2022/05/24-11:00:00,14.18,14.3,14.09,14.15,306019,0,0
2022/05/24-12:00:00,14.15,14.225,14.041,14.13,228287,0,0
2022/05/24-13:00:00,14.13,14.17,14.01,14.01,104121,0,0
2022/05/24-14:00:00,14.02,14.12,14.01,14.06,119406,0,0
2022/05/24-15:00:00,14.06,14.1,13.98,14.05,192809,0,0
2022/05/24-16:00:00,14.07,14.12,14.06,14.11,7032,0,0
2022/05/24-17:00:00,14.08,14.11,14.06,14.09,4100,0,0
2022/05/25-04:00:00,14.31,14.31,14.09,14.09,116,0,0
2022/05/25-05:00:00,14.25,14.25,14.2,14.2,176,0,0
2022/05/25-06:00:00,14.16,14.16,14.16,14.16,29,0,0
2022/05/25-07:00:00,14.31,14.35,14.31,14.31,1246,0,0
2022/05/25-08:00:00,14.23,14.44,14.16,14.26,21155,0,0
2022/05/25-09:00:00,14.22,14.34,14.04,14.055,113085,0,0
2022/05/25-10:00:00,14.0507,14.14,13.941,14.115,224646,0,0
2022/05/25-11:00:00,14.115,14.29,14.115,14.16,134857,0,0
2022/05/25-12:00:00,14.165,14.17,14.025,14.09,66643,0,0
2022/05/25-13:00:00,14.09,14.17,14.05,14.125,96420,0,0
2022/05/25-14:00:00,14.12,14.24,14.065,14.2,106488,0,0
2022/05/25-15:00:00,14.2,14.2488,14.085,14.2,192015,0,0
2022/05/25-16:00:00,14.17,14.22,14.08,14.17,1348,0,0
2022/05/25-17:00:00,14.23,14.23,14.22,14.22,77,0,0
2022/05/26-04:00:00,14.31,14.31,14.31,14.31,1,0,0
2022/05/26-05:00:00,14.32,14.32,14.25,14.25,16,0,0
2022/05/26-06:00:00,14.25,14.25,14.25,14.25,40,0,0
2022/05/26-07:00:00,14.05,14.06,13.94,14.06,7650,0,0
2022/05/26-08:00:00,14.0899,14.2,13.93,14.03,4687,0,0
2022/05/26-09:00:00,13.99,14.1096,13.93,14.0999,91779,0,0
2022/05/26-10:00:00,14.1,14.1,13.79,13.81,305970,0,0
2022/05/26-11:00:00,13.8,13.845,13.68,13.75,248254,0,0
2022/05/26-12:00:00,13.76,13.855,13.65,13.6707,89305,0,0
2022/05/26-13:00:00,13.6707,13.9886,13.67,13.9681,99623,0,0
2022/05/26-14:00:00,13.9681,13.98,13.87,13.92,79661,0,0
2022/05/26-15:00:00,13.92,14.015,13.92,13.9904,101719,0,0
2022/05/26-16:00:00,14.03,14.0799,13.99,14.05,1620,0,0
2022/05/26-17:00:00,13.98,14.07,13.98,14,1557,0,0
2022/05/27-04:00:00,14.37,14.37,14,14,9,0,0
2022/05/27-05:00:00,14.1,14.1,14.1,14.1,52,0,0
2022/05/27-07:00:00,14.2,14.25,14.12,14.2,2704,0,0
2022/05/27-08:00:00,14.23,14.26,14.05,14.05,8004,0,0
2022/05/27-09:00:00,14.0799,14.325,14.0799,14.2795,115281,0,0
2022/05/27-10:00:00,14.2703,14.335,14.222,14.24,134416,0,0
2022/05/27-11:00:00,14.24,14.25,14.11,14.1725,176447,0,0
2022/05/27-12:00:00,14.1732,14.1732,14,14,71695,0,0
2022/05/27-13:00:00,14,14.06,13.99,14.06,57523,0,0
2022/05/27-14:00:00,14.07,14.085,14.03,14.052,33617,0,0
2022/05/27-15:00:00,14.05,14.11,14.045,14.11,68095,0,0
2022/05/27-16:00:00,14.12,14.12,14.04,14.09,1240,0,0
2022/05/27-17:00:00,14.06,14.2,14.04,14.2,116,0,0
2022/05/31-04:00:00,13.98,13.98,13.97,13.97,26,0,0
2022/05/31-06:00:00,13.7,13.7,13.7,13.7,100,0,0
2022/05/31-07:00:00,13.7,13.78,13.7,13.78,351,0,0
2022/05/31-08:00:00,13.7,13.8,13.28,13.36,31491,0,0
2022/05/31-09:00:00,13.35,13.4495,13.231,13.2593,312222,0,0
2022/05/31-10:00:00,13.2593,13.265,13.145,13.17,234190,0,0
2022/05/31-11:00:00,13.16,13.3698,13.11,13.32,194649,0,0
2022/05/31-12:00:00,13.31,13.41,13.31,13.34,58023,0,0
2022/05/31-13:00:00,13.34,13.39,13.28,13.285,78652,0,0
2022/05/31-14:00:00,13.305,13.43,13.3,13.35,166887,0,0
2022/05/31-15:00:00,13.35,13.3722,12.99,13.24,340823,0,0
2022/05/31-16:00:00,13.22,13.49,13.2,13.49,8390,0,0
2022/05/31-17:00:00,13.47,13.47,13.47,13.47,200,0,0
2022/06/01-04:00:00,13.22,13.22,13.22,13.22,6,0,0
2022/06/01-05:00:00,13.23,13.23,13.23,13.23,10,0,0
2022/06/01-06:00:00,13.25,13.25,13.25,13.25,2,0,0
2022/06/01-07:00:00,13.24,13.24,13.16,13.2,1458,0,0
2022/06/01-08:00:00,13.24,13.3999,13.15,13.35,4825,0,0
2022/06/01-09:00:00,13.39,13.54,13.35,13.5344,135884,0,0
2022/06/01-10:00:00,13.5344,13.5344,13.02,13.19,203009,0,0
2022/06/01-11:00:00,13.1898,13.2001,13.055,13.0996,104303,0,0
2022/06/01-12:00:00,13.0996,13.17,12.9902,13.04,109681,0,0
2022/06/01-13:00:00,13.04,13.15,13.04,13.12,48406,0,0
2022/06/01-14:00:00,13.13,13.21,13.1138,13.18,98589,0,0
2022/06/01-15:00:00,13.18,13.19,13.065,13.19,168346,0,0
2022/06/01-16:00:00,13.2,13.28,13.18,13.26,5110,0,0
2022/06/01-17:00:00,13.2,13.49,13.2,13.49,51,0,0
2022/06/02-04:00:00,13.21,13.21,13.2,13.21,42,0,0
2022/06/02-05:00:00,13.22,13.29,13.22,13.29,86,0,0
2022/06/02-07:00:00,13.35,13.38,13.35,13.36,1009,0,0
2022/06/02-08:00:00,13.3501,13.4,13.22,13.23,12367,0,0
2022/06/02-09:00:00,13.22,13.3299,12.9101,12.9792,176277,0,0
2022/06/02-10:00:00,12.9792,13.23,12.92,13.12,280540,0,0
2022/06/02-11:00:00,13.12,13.25,13.1,13.1,219528,0,0
2022/06/02-12:00:00,13.1,13.11,13.0494,13.08,100974,0,0
2022/06/02-13:00:00,13.07,13.145,13.05,13.145,78423,0,0
2022/06/02-14:00:00,13.145,13.255,13.135,13.2,102190,0,0
2022/06/02-15:00:00,13.17,13.17,13.1,13.17,178867,0,0
2022/06/02-16:00:00,13.18,13.23,13.15,13.15,730,0,0
2022/06/02-17:00:00,13.16,13.2,13.16,13.2,10,0,0
2022/06/03-06:00:00,13.16,13.16,13.16,13.16,1,0,0
2022/06/03-07:00:00,13.16,13.16,13.09,13.15,616,0,0
2022/06/03-08:00:00,13.13,13.2,12.64,12.64,11006,0,0
2022/06/03-09:00:00,12.63,12.9,12.61,12.85,147410,0,0
2022/06/03-10:00:00,12.85,13.07,12.82,12.87,271117,0,0
2022/06/03-11:00:00,12.87,12.9916,12.85,12.86,177388,0,0
2022/06/03-12:00:00,12.85,12.8799,12.81,12.8314,95322,0,0
2022/06/03-13:00:00,12.82,12.88,12.81,12.861,49733,0,0
2022/06/03-14:00:00,12.861,12.94,12.8227,12.92,42825,0,0
2022/06/03-15:00:00,12.94,13.085,12.93,13.085,129231,0,0
2022/06/03-16:00:00,13.08,13.09,12.9804,13.05,24053,0,0
2022/06/03-17:00:00,13.0896,13.0896,13.0896,13.0896,54,0,0
2022/06/06-04:00:00,13.08,13.08,12.99,12.99,222,0,0
2022/06/06-05:00:00,13.02,13.02,12.99,12.99,275,0,0
2022/06/06-06:00:00,12.99,13,12.98,12.98,11,0,0
2022/06/06-07:00:00,12.99,12.99,12.91,12.92,666,0,0
2022/06/06-08:00:00,13.04,13.04,12.7,12.7,6063,0,0
2022/06/06-09:00:00,12.68,12.92,12.605,12.755,166121,0,0
2022/06/06-10:00:00,12.7389,12.765,12.45,12.5053,219249,0,0
2022/06/06-11:00:00,12.5053,12.525,12.37,12.48,216701,0,0
2022/06/06-12:00:00,12.48,12.555,12.385,12.4396,211903,0,0
2022/06/06-13:00:00,12.4396,12.49,12.4053,12.4089,86585,0,0
2022/06/06-14:00:00,12.41,12.44,12.35,12.37,123030,0,0
2022/06/06-15:00:00,12.37,12.44,12.35,12.38,139451,0,0
2022/06/06-16:00:00,12.34,12.39,12.3,12.34,4475,0,0
2022/06/06-17:00:00,12.39,12.4,12.39,12.4,206,0,0
2022/06/07-04:00:00,12.55,12.55,12.55,12.55,2,0,0
2022/06/07-05:00:00,12.55,12.55,12.52,12.52,120,0,0
2022/06/07-06:00:00,12.52,12.52,12.41,12.41,858,0,0
2022/06/07-07:00:00,12.41,12.47,12.41,12.45,967,0,0
2022/06/07-08:00:00,12.5,12.56,12.41,12.52,8326,0,0
2022/06/07-09:00:00,12.55,12.74,12.55,12.705,166556,0,0
2022/06/07-10:00:00,12.71,12.84,12.6287,12.8035,187503,0,0
2022/06/07-11:00:00,12.81,12.88,12.75,12.8,119723,0,0
2022/06/07-12:00:00,12.8,12.82,12.76,12.79,47937,0,0
2022/06/07-13:00:00,12.79,12.95,12.711,12.9399,68730,0,0
2022/06/07-14:00:00,12.93,12.9701,12.86,12.87,130593,0,0
2022/06/07-15:00:00,12.87,12.8901,12.725,12.76,174250,0,0
2022/06/07-16:00:00,12.74,12.81,12.635,12.81,801,0,0
2022/06/07-17:00:00,12.82,12.83,12.77,12.83,605,0,0
2022/06/08-04:00:00,12.6,12.71,12.52,12.53,200,0,0
2022/06/08-07:00:00,12.73,12.73,12.59,12.64,922,0,0
2022/06/08-08:00:00,12.7,12.77,12.45,12.55,6926,0,0
2022/06/08-09:00:00,12.5599,12.67,12.48,12.5,73845,0,0
2022/06/08-10:00:00,12.4684,12.75,12.46,12.7,105687,0,0
2022/06/08-11:00:00,12.7,12.77,12.57,12.575,59568,0,0
2022/06/08-12:00:00,12.575,12.63,12.53,12.59,53643,0,0
2022/06/08-13:00:00,12.59,12.61,12.46,12.48,136375,0,0
2022/06/08-14:00:00,12.48,12.5,12.445,12.5,76658,0,0
2022/06/08-15:00:00,12.49,12.55,12.43,12.435,80444,0,0
2022/06/08-16:00:00,12.41,12.57,12.4,12.51,1224,0,0
2022/06/08-17:00:00,12.5299,12.5299,12.43,12.451,431,0,0
2022/06/09-04:00:00,12.5,12.5,12.5,12.5,23,0,0
2022/06/09-05:00:00,12.5,12.5,12.33,12.33,401,0,0
2022/06/09-06:00:00,12.57,12.57,12.57,12.57,400,0,0
2022/06/09-07:00:00,12.55,12.55,12.44,12.44,1050,0,0
2022/06/09-08:00:00,12.63,12.63,12.27,12.33,6764,0,0
2022/06/09-09:00:00,12.34,12.62,12.26,12.51,156308,0,0
2022/06/09-10:00:00,12.51,12.53,12.3201,12.3201,212944,0,0
2022/06/09-11:00:00,12.31,12.455,12.31,12.42,100035,0,0
2022/06/09-12:00:00,12.42,12.45,12.35,12.35,65517,0,0
2022/06/09-13:00:00,12.35,12.59,12.35,12.55,83120,0,0
2022/06/09-14:00:00,12.55,12.56,12.4912,12.54,45560,0,0
2022/06/09-15:00:00,12.54,12.58,12.49,12.5525,204326,0,0
2022/06/09-16:00:00,12.51,12.57,12.5,12.5699,3769,0,0
2022/06/09-17:00:00,12.56,12.56,12.52,12.54,54,0,0
2022/06/10-04:00:00,12.55,12.55,12.55,12.55,47,0,0
2022/06/10-05:00:00,12.54,12.54,12.54,12.54,154,0,0
2022/06/10-06:00:00,12.6,12.6,12.6,12.6,66,0,0
2022/06/10-07:00:00,12.66,12.68,12.66,12.67,922,0,0
2022/06/10-08:00:00,12.6,13.04,12.39,12.831,22295,0,0
2022/06/10-09:00:00,12.79,12.89,12.3016,12.39,191812,0,0
2022/06/10-10:00:00,12.37,12.568,12.16,12.23,338393,0,0
2022/06/10-11:00:00,12.23,12.3293,12.13,12.13,152250,0,0
2022/06/10-12:00:00,12.13,12.145,12.05,12.125,117777,0,0
2022/06/10-13:00:00,12.12,12.42,12.12,12.33,184357,0,0
2022/06/10-14:00:00,12.325,12.3899,12.2999,12.33,55139,0,0
2022/06/10-15:00:00,12.33,12.35,12.275,12.3269,179846,0,0
2022/06/10-16:00:00,12.35,12.35,12.31,12.33,1593,0,0
2022/06/10-17:00:00,12.2832,12.34,12.2832,12.34,76,0,0
2022/06/13-04:00:00,12,12,11.91,11.93,1287,0,0
2022/06/13-05:00:00,12,12,11.86,11.86,651,0,0
2022/06/13-06:00:00,11.86,11.97,11.86,11.97,566,0,0
2022/06/13-07:00:00,11.87,11.92,11.75,11.77,11175,0,0
2022/06/13-08:00:00,11.9799,11.98,11.58,11.58,78047,0,0
2022/06/13-09:00:00,11.6,11.71,11.52,11.57,315943,0,0
2022/06/13-10:00:00,11.565,11.5857,11.3649,11.445,662886,0,0
2022/06/13-11:00:00,11.44,11.45,11.0101,11.0696,428473,0,0
2022/06/13-12:00:00,11.07,11.38,11.0693,11.2201,171671,0,0
2022/06/13-13:00:00,11.2198,11.28,11.1601,11.2201,276016,0,0
2022/06/13-14:00:00,11.22,11.28,11.14,11.14,129139,0,0
2022/06/13-15:00:00,11.14,11.23,10.84,11.17,940170,0,0
2022/06/13-16:00:00,11.16,11.22,11.14,11.22,8447,0,0
2022/06/13-17:00:00,11.2,11.25,11.16,11.16,702,0,0
2022/06/14-04:00:00,11.73,11.73,11.61,11.61,43,0,0
2022/06/14-05:00:00,11.52,11.52,11.52,11.52,200,0,0
2022/06/14-06:00:00,11.61,11.61,11.37,11.37,350,0,0
2022/06/14-07:00:00,11.37,11.4,11.28,11.28,1603,0,0
2022/06/14-08:00:00,11.66,11.67,11.28,11.37,19199,0,0
2022/06/14-09:00:00,11.42,11.42,11.2173,11.3,192653,0,0
2022/06/14-10:00:00,11.28,11.298,11.0742,11.13,200020,0,0
2022/06/14-11:00:00,11.125,11.14,10.7701,10.9,246711,0,0
2022/06/14-12:00:00,10.9,10.94,10.8,10.8,99517,0,0
2022/06/14-13:00:00,10.8,10.8399,10.665,10.76,243613,0,0
2022/06/14-14:00:00,10.76,10.84,10.725,10.74,283712,0,0
2022/06/14-15:00:00,10.73,10.78,10.675,10.74,238430,0,0
2022/06/14-16:00:00,10.78,10.81,10.73,10.75,22003,0,0
2022/06/14-17:00:00,10.86,10.86,10.8,10.83,2187,0,0
2022/06/15-04:00:00,10.8,10.9,10.8,10.9,139,0,0
2022/06/15-05:00:00,10.9,10.9,10.9,10.9,2,0,0
2022/06/15-06:00:00,11.01,11.13,11.01,11.13,403,0,0
2022/06/15-07:00:00,11.05,11.2,11.05,11.19,18754,0,0
2022/06/15-08:00:00,11.01,11.28,11,11.06,129599,0,0
2022/06/15-09:00:00,11.04,11.17,10.96,11.03,219759,0,0
2022/06/15-10:00:00,11.04,11.11,10.885,10.9354,125062,0,0
2022/06/15-11:00:00,10.92,11.015,10.8754,11,112423,0,0
2022/06/15-12:00:00,11,11.08,10.93,10.93,81204,0,0
2022/06/15-13:00:00,10.93,11.03,10.8148,10.97,133364,0,0
2022/06/15-14:00:00,10.97,11.09,10.8,10.93,747259,0,0
2022/06/15-15:00:00,10.945,11.3596,10.8881,11.3596,356715,0,0
2022/06/15-16:00:00,11.32,11.44,11.25,11.35,40636,0,0
2022/06/15-17:00:00,11.35,11.5,11.35,11.45,2337,0,0
2022/06/16-04:00:00,10.85,10.85,10.73,10.73,6,0,0
2022/06/16-05:00:00,10.72,10.72,10.63,10.63,46,0,0
2022/06/16-06:00:00,10.66,10.87,10.63,10.63,1063,0,0
2022/06/16-07:00:00,10.76,10.76,10.35,10.5,14429,0,0
2022/06/16-08:00:00,10.6414,10.84,10.32,10.66,84492,0,0
2022/06/16-09:00:00,10.73,10.79,10.5,10.5399,287841,0,0
2022/06/16-10:00:00,10.5399,10.9684,10.5399,10.9587,399970,0,0
2022/06/16-11:00:00,10.942,11.16,10.8906,11.015,300851,0,0
2022/06/16-12:00:00,11.015,11.108,10.945,11.07,153062,0,0
2022/06/16-13:00:00,11.065,11.09,10.9199,11.08,110462,0,0
2022/06/16-14:00:00,11.08,11.195,11.03,11.15,134083,0,0
2022/06/16-15:00:00,11.15,11.59,11.15,11.59,344789,0,0
2022/06/16-16:00:00,11.58,12.09,11.56,11.9004,26059,0,0
2022/06/16-17:00:00,11.95,11.95,11.8,11.83,9590,0,0
2022/06/17-04:00:00,11.4,11.51,11.4,11.51,1827,0,0
2022/06/17-05:00:00,11.72,11.72,11.58,11.58,597,0,0
2022/06/17-06:00:00,11.61,11.66,11.61,11.64,632,0,0
2022/06/17-07:00:00,11.65,11.78,11.62,11.78,3409,0,0
2022/06/17-08:00:00,11.5901,11.8,11.5901,11.77,33388,0,0
2022/06/17-09:00:00,11.7,11.76,11.58,11.6,272673,0,0
2022/06/17-10:00:00,11.6,11.705,11.365,11.667,263225,0,0
2022/06/17-11:00:00,11.667,11.93,11.6584,11.82,304329,0,0
2022/06/17-12:00:00,11.82,11.9369,11.82,11.85,145907,0,0
2022/06/17-13:00:00,11.85,11.9,11.77,11.775,66731,0,0
2022/06/17-14:00:00,11.77,11.81,11.615,11.645,82919,0,0
2022/06/17-15:00:00,11.65,11.72,11.605,11.72,132548,0,0
2022/06/17-16:00:00,11.72,11.72,11.67,11.68,1103,0,0
2022/06/17-17:00:00,11.69,11.69,11.62,11.62,279,0,0
2022/06/21-04:00:00,11.35,11.36,11.35,11.35,1081,0,0
2022/06/21-06:00:00,11.32,11.32,11.3,11.31,3501,0,0
2022/06/21-07:00:00,11.29,11.5,11.2,11.21,11245,0,0
2022/06/21-08:00:00,11.28,11.4396,11.0596,11.07,69561,0,0
2022/06/21-09:00:00,11.0896,11.32,11.05,11.28,259992,0,0
2022/06/21-10:00:00,11.28,11.315,11.14,11.235,186558,0,0
2022/06/21-11:00:00,11.235,11.375,11.1541,11.155,207782,0,0
2022/06/21-12:00:00,11.155,11.19,11.1,11.13,73408,0,0
2022/06/21-13:00:00,11.14,11.19,11.125,11.15,98540,0,0
2022/06/21-14:00:00,11.15,11.16,11.0101,11.03,184323,0,0
2022/06/21-15:00:00,11.0341,11.1399,11,11.11,253839,0,0
2022/06/21-16:00:00,11.12,11.32,11.08,11.32,4806,0,0
2022/06/21-17:00:00,11.28,11.29,11.12,11.14,391,0,0
2022/06/22-04:00:00,11.49,11.54,11.43,11.46,1280,0,0
2022/06/22-05:00:00,11.53,11.54,11.53,11.54,4189,0,0
2022/06/22-06:00:00,11.45,11.5,11.44,11.5,606,0,0
2022/06/22-07:00:00,11.56,11.62,11.47,11.59,2435,0,0
2022/06/22-08:00:00,11.55,11.91,11.43,11.89,19551,0,0
2022/06/22-09:00:00,11.95,11.95,11.76,11.89,242754,0,0
2022/06/22-10:00:00,11.89,12.02,11.79,11.9301,285024,0,0
2022/06/22-11:00:00,11.91,11.98,11.78,11.7801,197615,0,0
2022/06/22-12:00:00,11.78,11.965,11.765,11.96,50766,0,0
2022/06/22-13:00:00,11.95,12.02,11.9301,12,99260,0,0
2022/06/22-14:00:00,11.99,11.99,11.88,11.92,41166,0,0
2022/06/22-15:00:00,11.94,12.01,11.93,12,142642,0,0
2022/06/22-16:00:00,12,12,11.9,11.9,2171,0,0
2022/06/22-17:00:00,11.9,12.03,11.89,12.03,719,0,0
2022/06/23-04:00:00,12.22,12.33,12.22,12.3,1599,0,0
2022/06/23-05:00:00,12.3,12.3,12.1,12.24,38,0,0
2022/06/23-06:00:00,12.2,12.2,12.19,12.19,2,0,0
2022/06/23-07:00:00,12.13,12.13,11.92,11.95,3108,0,0
2022/06/23-08:00:00,12.24,12.24,12.01,12.11,13879,0,0
2022/06/23-09:00:00,12.14,12.42,12.02,12.3977,438266,0,0
2022/06/23-10:00:00,12.3977,12.62,12.32,12.61,487093,0,0
2022/06/23-11:00:00,12.61,12.61,12.38,12.425,202653,0,0
2022/06/23-12:00:00,12.428,12.548,12.4242,12.48,158405,0,0
2022/06/23-13:00:00,12.48,12.5205,12.361,12.3711,92422,0,0
2022/06/23-14:00:00,12.3711,12.46,12.321,12.395,121297,0,0
2022/06/23-15:00:00,12.37,12.4,12.155,12.3195,244677,0,0
2022/06/23-16:00:00,12.3,12.3,12.17,12.2696,5975,0,0
2022/06/23-17:00:00,12.1704,12.2668,12.16,12.16,1106,0,0
2022/06/24-04:00:00,12.3,12.3,12.3,12.3,1,0,0
2022/06/24-05:00:00,12.2,12.2,12.16,12.2,513,0,0
2022/06/24-06:00:00,12.17,12.19,12.17,12.19,483,0,0
2022/06/24-07:00:00,12.1,12.15,12,12,3419,0,0
2022/06/24-08:00:00,12.17,12.18,11.94,12.14,26113,0,0
2022/06/24-09:00:00,12.09,12.238,12.04,12.14,187117,0,0
2022/06/24-10:00:00,12.14,12.29,11.785,11.79,429755,0,0
2022/06/24-11:00:00,11.79,11.965,11.76,11.86,154100,0,0
2022/06/24-12:00:00,11.8469,11.8653,11.775,11.8301,143052,0,0
2022/06/24-13:00:00,11.84,11.895,11.81,11.8399,68757,0,0
2022/06/24-14:00:00,11.83,11.8901,11.825,11.855,44971,0,0
2022/06/24-15:00:00,11.84,11.875,11.78,11.78,161053,0,0
2022/06/24-16:00:00,11.79,11.8288,11.77,11.8288,405,0,0
2022/06/24-17:00:00,11.85,11.87,11.79,11.79,41,0,0
2022/06/27-04:00:00,11.91,11.91,11.57,11.8,1918,0,0
2022/06/27-05:00:00,11.79,11.79,11.48,11.5,2544,0,0
2022/06/27-06:00:00,11.5,11.5,11.46,11.47,32348,0,0
2022/06/27-07:00:00,11.58,11.58,11.5,11.54,1412,0,0
2022/06/27-08:00:00,11.5,11.77,11.34,11.44,24215,0,0
2022/06/27-09:00:00,11.45,11.67,11.33,11.61,195613,0,0
2022/06/27-10:00:00,11.6187,11.63,11.49,11.51,124232,0,0
2022/06/27-11:00:00,11.508,11.54,11.41,11.5,156640,0,0
2022/06/27-12:00:00,11.5,11.535,11.48,11.51,56203,0,0
2022/06/27-13:00:00,11.51,11.53,11.42,11.52,95251,0,0
2022/06/27-14:00:00,11.53,11.56,11.51,11.545,61661,0,0
2022/06/27-15:00:00,11.545,11.5539,11.485,11.49,191424,0,0
2022/06/27-16:00:00,11.44,11.5,11.43,11.47,41408,0,0
2022/06/27-17:00:00,11.5,11.56,11.5,11.56,105,0,0
2022/06/28-04:00:00,11.57,11.57,11.5,11.5,611,0,0
2022/06/28-06:00:00,11.3,11.3,11.23,11.23,2905,0,0
2022/06/28-07:00:00,11.22,11.26,11.2,11.24,7590,0,0
2022/06/28-08:00:00,11.31,11.33,11.17,11.21,26891,0,0
2022/06/28-09:00:00,11.26,11.42,11.255,11.35,150314,0,0
2022/06/28-10:00:00,11.35,11.5098,11.255,11.27,313084,0,0
2022/06/28-11:00:00,11.28,11.5361,11.27,11.53,253387,0,0
2022/06/28-12:00:00,11.53,11.6408,11.5299,11.59,158927,0,0
2022/06/28-13:00:00,11.59,11.618,11.485,11.58,94345,0,0
2022/06/28-14:00:00,11.575,11.64,11.515,11.52,230603,0,0
2022/06/28-15:00:00,11.52,11.65,11.515,11.64,210964,0,0
2022/06/28-16:00:00,11.62,11.7,11.62,11.69,6678,0,0
2022/06/28-17:00:00,11.69,11.72,11.69,11.72,125,0,0
2022/06/29-04:00:00,11.75,11.75,11.75,11.75,310,0,0
2022/06/29-05:00:00,11.7,11.7,11.55,11.55,1152,0,0
2022/06/29-06:00:00,11.66,11.68,11.66,11.68,535,0,0
2022/06/29-07:00:00,11.7,11.7,11.7,11.7,231,0,0
2022/06/29-08:00:00,11.73,11.83,11.65,11.72,17081,0,0
2022/06/29-09:00:00,11.68,11.919,11.59,11.87,176361,0,0
2022/06/29-10:00:00,11.87,12.0177,11.805,11.99,283470,0,0
2022/06/29-11:00:00,11.99,12.11,11.99,12.09,107842,0,0
2022/06/29-12:00:00,12.09,12.145,12.04,12.079,73120,0,0
2022/06/29-13:00:00,12.079,12.115,12.045,12.0801,77775,0,0
2022/06/29-14:00:00,12.0801,12.1668,12.06,12.16,48728,0,0
2022/06/29-15:00:00,12.16,12.19,12.1224,12.18,179498,0,0
2022/06/29-16:00:00,12.16,12.16,12.1,12.16,4045,0,0
2022/06/29-17:00:00,12.1,12.19,12.1,12.19,161,0,0
2022/06/30-04:00:00,12.44,12.44,12.19,12.19,123,0,0
2022/06/30-05:00:00,12.22,12.43,12.22,12.43,1237,0,0
2022/06/30-06:00:00,12.43,12.43,12.3,12.3,310,0,0
2022/06/30-07:00:00,12.25,12.44,12.25,12.44,2318,0,0
2022/06/30-08:00:00,12.16,12.58,12.16,12.51,35175,0,0
2022/06/30-09:00:00,12.51,12.575,12.4,12.55,154425,0,0
2022/06/30-10:00:00,12.55,12.7,12.48,12.66,372055,0,0
2022/06/30-11:00:00,12.66,12.72,12.6042,12.7,201637,0,0
2022/06/30-12:00:00,12.7,12.77,12.68,12.73,157506,0,0
2022/06/30-13:00:00,12.73,12.77,12.6409,12.65,89875,0,0
2022/06/30-14:00:00,12.66,12.77,12.64,12.75,138721,0,0
2022/06/30-15:00:00,12.76,12.78,12.46,12.49,382401,0,0
2022/06/30-16:00:00,12.41,12.41,12.3,12.3304,12907,0,0
2022/06/30-17:00:00,12.36,12.36,12.3001,12.3001,1453,0,0
2022/07/01-04:00:00,12.72,12.72,12.69,12.69,301,0,0
2022/07/01-05:00:00,12.33,12.47,12.33,12.47,10,0,0
2022/07/01-06:00:00,12.46,12.47,12.45,12.46,340,0,0
2022/07/01-07:00:00,12.49,12.67,12.49,12.51,1074,0,0
2022/07/01-08:00:00,12.43,12.79,12.3012,12.79,26016,0,0
2022/07/01-09:00:00,12.78,13.13,12.78,12.94,334553,0,0
2022/07/01-10:00:00,12.94,13.45,12.94,13.08,740309,0,0
2022/07/01-11:00:00,13.08,13.13,12.845,12.88,428297,0,0
2022/07/01-12:00:00,12.89,12.95,12.68,12.74,212373,0,0
2022/07/01-13:00:00,12.74,12.87,12.705,12.87,134105,0,0
2022/07/01-14:00:00,12.9,12.95,12.835,12.92,88398,0,0
2022/07/01-15:00:00,12.905,12.94,12.84,12.8799,320353,0,0
2022/07/01-16:00:00,12.92,12.92,12.86,12.87,946,0,0
2022/07/01-17:00:00,12.87,13,12.87,13,2192,0,0
2022/07/05-04:00:00,12.54,12.86,12.5,12.6,2949,0,0
2022/07/05-05:00:00,12.69,12.81,12.69,12.7,52,0,0
2022/07/05-06:00:00,12.86,12.86,12.7,12.71,1610,0,0
2022/07/05-07:00:00,12.71,12.85,12.6,12.85,2355,0,0
2022/07/05-08:00:00,12.72,13.19,12.5012,13.12,26265,0,0
2022/07/05-09:00:00,13.17,13.32,13.16,13.175,265647,0,0
2022/07/05-10:00:00,13.165,13.21,12.9907,13.136,294940,0,0
2022/07/05-11:00:00,13.16,13.45,13.15,13.44,212201,0,0
2022/07/05-12:00:00,13.44,13.5,13.3787,13.45,206527,0,0
2022/07/05-13:00:00,13.45,13.52,13.41,13.505,173524,0,0
2022/07/05-14:00:00,13.505,13.51,13.33,13.37,144037,0,0
2022/07/05-15:00:00,13.36,13.37,13.16,13.215,207255,0,0
2022/07/05-16:00:00,13.15,13.4,13.08,13.2,4718,0,0
2022/07/05-17:00:00,13.35,13.35,13.28,13.28,5,0,0
2022/07/06-04:00:00,13.21,13.25,13.21,13.25,7,0,0
2022/07/06-05:00:00,13.4,13.4,13.3,13.3,16,0,0
2022/07/06-06:00:00,13.3,13.3,13.2,13.2,978,0,0
2022/07/06-07:00:00,13.2,13.33,13.2,13.28,2200,0,0
2022/07/06-08:00:00,13.33,13.6,13.29,13.48,18566,0,0
2022/07/06-09:00:00,13.5,13.5,13.21,13.26,154523,0,0
2022/07/06-10:00:00,13.26,13.26,12.75,12.81,500639,0,0
2022/07/06-11:00:00,12.8235,12.8899,12.64,12.6789,187712,0,0
2022/07/06-12:00:00,12.7,12.715,12.59,12.64,157589,0,0
2022/07/06-13:00:00,12.64,12.77,12.62,12.77,96101,0,0
2022/07/06-14:00:00,12.772,12.772,12.57,12.69,185107,0,0
2022/07/06-15:00:00,12.685,12.72,12.515,12.53,279535,0,0
2022/07/06-16:00:00,12.59,12.64,12.54,12.64,5798,0,0
2022/07/06-17:00:00,12.64,12.67,12.63,12.67,666,0,0
2022/07/07-04:00:00,12.53,12.77,12.5,12.6,358,0,0
2022/07/07-05:00:00,12.4,12.4,12.4,12.4,10,0,0
2022/07/07-06:00:00,12.5,12.5,12.5,12.5,52,0,0
2022/07/07-07:00:00,12.5,12.66,12.5,12.64,8653,0,0
2022/07/07-08:00:00,12.4999,12.66,12.36,12.4,27796,0,0
2022/07/07-09:00:00,12.37,12.6288,12.35,12.475,169716,0,0
2022/07/07-10:00:00,12.475,12.51,12.32,12.34,208103,0,0
2022/07/07-11:00:00,12.3455,12.395,12.27,12.29,159779,0,0
2022/07/07-12:00:00,12.295,12.3,12.2087,12.23,77679,0,0
2022/07/07-13:00:00,12.225,12.25,12.19,12.23,128653,0,0
2022/07/07-14:00:00,12.22,12.225,12.1,12.19,168774,0,0
2022/07/07-15:00:00,12.18,12.24,12.17,12.195,179575,0,0
2022/07/07-16:00:00,12.2,12.25,12.2,12.25,2222,0,0
2022/07/07-17:00:00,12.2598,12.2598,12.25,12.25,611,0,0
2022/07/08-04:00:00,12.38,12.39,12.38,12.39,68,0,0
2022/07/08-06:00:00,12.39,12.39,12.25,12.26,1562,0,0
2022/07/08-07:00:00,12.4,12.4,12.39,12.39,601,0,0
2022/07/08-08:00:00,12.38,12.41,11.82,11.9,55171,0,0
2022/07/08-09:00:00,11.94,12.098,11.8,11.8596,313397,0,0
2022/07/08-10:00:00,11.8596,11.9999,11.695,11.72,219830,0,0
2022/07/08-11:00:00,11.73,11.81,11.65,11.67,223024,0,0
2022/07/08-12:00:00,11.67,11.72,11.6599,11.6837,94786,0,0
2022/07/08-13:00:00,11.6842,11.7,11.6586,11.6899,90278,0,0
2022/07/08-14:00:00,11.67,11.705,11.63,11.69,131704,0,0
2022/07/08-15:00:00,11.69,11.815,11.685,11.7664,145157,0,0
2022/07/08-16:00:00,11.76,11.82,11.73,11.82,36318,0,0
2022/07/08-17:00:00,11.85,11.85,11.82,11.82,255,0,0
2022/07/11-04:00:00,11.96,12.13,11.96,11.97,1417,0,0
2022/07/11-05:00:00,11.89,11.95,11.89,11.95,1302,0,0
2022/07/11-06:00:00,11.95,11.95,11.9,11.9,825,0,0
2022/07/11-07:00:00,11.97,11.97,11.95,11.95,302,0,0
2022/07/11-08:00:00,11.88,12.13,11.86,12.13,20151,0,0
2022/07/11-09:00:00,12.14,12.43,12.14,12.305,215836,0,0
2022/07/11-10:00:00,12.305,12.485,12.26,12.4595,248313,0,0
2022/07/11-11:00:00,12.4595,12.465,12.31,12.4199,92173,0,0
2022/07/11-12:00:00,12.42,12.465,12.39,12.4,107513,0,0
2022/07/11-13:00:00,12.4,12.41,12.29,12.31,113697,0,0
2022/07/11-14:00:00,12.31,12.3471,12.29,12.32,112703,0,0
2022/07/11-15:00:00,12.32,12.39,12.2434,12.38,297051,0,0
2022/07/11-16:00:00,12.38,12.41,12.32,12.36,10483,0,0
2022/07/11-17:00:00,12.26,12.38,12.26,12.38,3010,0,0
2022/07/12-04:00:00,12.7,12.7,12.7,12.7,157,0,0
2022/07/12-05:00:00,12.7,12.76,12.7,12.76,2042,0,0
2022/07/12-06:00:00,12.73,12.73,12.73,12.73,103,0,0
2022/07/12-07:00:00,12.79,12.79,12.74,12.74,5745,0,0
2022/07/12-08:00:00,12.62,12.8,12.4212,12.72,24907,0,0
2022/07/12-09:00:00,12.73,12.87,12.68,12.8399,149533,0,0
2022/07/12-10:00:00,12.8399,12.93,12.765,12.89,258328,0,0
2022/07/12-11:00:00,12.89,12.96,12.782,12.865,256178,0,0
2022/07/12-12:00:00,12.865,12.87,12.75,12.76,89241,0,0
2022/07/12-13:00:00,12.76,12.78,12.56,12.59,143782,0,0
2022/07/12-14:00:00,12.59,12.635,12.55,12.625,62093,0,0
2022/07/12-15:00:00,12.635,12.71,12.575,12.575,167282,0,0
2022/07/12-16:00:00,12.57,12.57,12.42,12.47,6569,0,0
2022/07/12-17:00:00,12.56,12.63,12.3985,12.63,189,0,0
2022/07/13-04:00:00,12.58,12.77,12.58,12.77,98,0,0
2022/07/13-06:00:00,12.68,12.68,12.68,12.68,40,0,0
2022/07/13-07:00:00,12.5,12.5,12.47,12.48,550,0,0
2022/07/13-08:00:00,12.5501,12.7488,11.95,11.98,138981,0,0
2022/07/13-09:00:00,12.05,12.35,12.03,12.16,288974,0,0
2022/07/13-10:00:00,12.16,12.885,12.06,12.765,534233,0,0
2022/07/13-11:00:00,12.76,12.77,12.56,12.57,315703,0,0
2022/07/13-12:00:00,12.5901,12.6815,12.51,12.6815,164115,0,0
2022/07/13-13:00:00,12.6815,12.9998,12.65,12.9225,253847,0,0
2022/07/13-14:00:00,12.9101,13.09,12.82,13.09,132323,0,0
2022/07/13-15:00:00,13.085,13.095,13,13.03,236640,0,0
2022/07/13-16:00:00,13,13.02,12.71,12.74,6619,0,0
2022/07/13-17:00:00,12.74,12.87,12.74,12.87,1160,0,0
2022/07/14-04:00:00,12.86,12.86,12.62,12.62,114,0,0
2022/07/14-05:00:00,12.7,12.7,12.69,12.69,65,0,0
2022/07/14-06:00:00,12.66,12.77,12.63,12.77,774,0,0
2022/07/14-07:00:00,12.75,12.96,12.75,12.96,1022,0,0
