Date,Open,High,Low,Close,Volume,Adj Close
2022-01-03 04:00:00,84.005,84.34,84.005,84.34,0,22987.0
2022-01-03 05:00:00,84.34,84.58,84.295,84.565,0,14333.0
2022-01-03 06:00:00,84.59,84.95,84.59,84.9,0,10806.0
2022-01-03 07:00:00,84.885,84.895,84.6,84.625,0,25100.0
2022-01-03 08:00:00,84.83,84.87,83.935,83.975,0,157049.0
2022-01-03 09:00:00,83.96,85.46,82.56,82.925,0,5297330.0
2022-01-03 10:00:00,82.925,84.845,82.77,84.765,0,4754990.0
2022-01-03 11:00:00,84.765,84.88,83.825,84.09,0,2901290.0
2022-01-03 12:00:00,84.09,84.69,83.825,84.5275,0,1366380.0
2022-01-03 13:00:00,84.55,85.2325,84.2907,85.1225,0,1366460.0
2022-01-03 14:00:00,85.135,85.72,84.9853,85.35,0,1437680.0
2022-01-03 15:00:00,85.36,85.685,85.0,85.61,0,2684000.0
2022-01-03 16:00:00,85.61,85.89,85.4633,85.675,0,257014.0
2022-01-04 04:00:00,85.595,86.085,85.595,86.055,0,21555.0
2022-01-04 05:00:00,86.075,86.525,86.075,86.475,0,18439.0
2022-01-04 06:00:00,86.475,86.75,86.34,86.345,0,17803.0
2022-01-04 07:00:00,86.335,86.4,85.65,86.0245,0,23142.0
2022-01-04 08:00:00,86.37,86.3996,85.665,86.13,0,125803.0
2022-01-04 09:00:00,86.1225,86.18,84.9,85.16,0,3378190.0
2022-01-04 10:00:00,85.16,85.205,81.465,81.525,0,6892190.0
2022-01-04 11:00:00,81.525,81.9,80.54,81.195,0,5599600.0
2022-01-04 12:00:00,81.19,81.6091,80.735,80.8502,0,2383770.0
2022-01-04 13:00:00,80.8502,81.45,80.195,80.275,0,2727530.0
2022-01-04 14:00:00,80.275,81.565,80.23,81.505,0,2470480.0
2022-01-04 15:00:00,81.505,83.06,81.48,82.24,0,4042260.0
2022-01-04 16:00:00,82.235,82.25,81.915,82.045,0,123733.0
2022-01-05 04:00:00,81.49,81.78,81.4,81.65,0,19894.0
2022-01-05 05:00:00,81.65,82.025,81.495,81.535,0,15125.0
2022-01-05 06:00:00,81.525,81.6,81.15,81.44,0,12866.0
2022-01-05 07:00:00,81.42,81.555,81.065,81.295,0,15200.0
2022-01-05 08:00:00,81.35,81.575,80.9,81.495,0,92541.0
2022-01-05 09:00:00,81.48,81.52,79.665,81.35,0,5119100.0
2022-01-05 10:00:00,81.345,81.86,80.0,80.755,0,4978750.0
2022-01-05 11:00:00,80.735,80.955,79.915,80.1575,0,2877830.0
2022-01-05 12:00:00,80.135,80.4,78.84,78.91,0,3056220.0
2022-01-05 13:00:00,78.91,79.455,78.525,79.1325,0,2401550.0
2022-01-05 14:00:00,79.1325,80.065,76.31,76.605,0,8250550.0
2022-01-05 15:00:00,76.615,76.63,74.5012,74.605,0,8281350.0
2022-01-05 16:00:00,74.57,75.0811,74.43,74.445,0,336727.0
2022-01-06 04:00:00,74.505,74.505,73.75,74.11,0,103766.0
2022-01-06 05:00:00,74.17,74.585,73.95,73.995,0,36331.0
2022-01-06 06:00:00,74.035,74.34,73.395,73.575,0,38585.0
2022-01-06 07:00:00,73.55,73.975,73.135,73.39,0,51289.0
2022-01-06 08:00:00,73.39,73.9698,73.13,73.565,0,192518.0
2022-01-06 09:00:00,73.56,75.775,73.27,73.9099,0,7186560.0
2022-01-06 10:00:00,73.905,76.075,72.21,75.65,0,11240100.0
2022-01-06 11:00:00,75.65,76.405,74.635,75.55,0,5816750.0
2022-01-06 12:00:00,75.55,76.275,74.945,75.3652,0,3145010.0
2022-01-06 13:00:00,75.3652,75.6,74.62,75.375,0,2819180.0
2022-01-06 14:00:00,75.36,75.81,74.805,75.315,0,3039430.0
2022-01-06 15:00:00,75.315,76.0,73.91,74.4955,0,4931250.0
2022-01-06 16:00:00,74.475,74.99,74.405,74.98,0,231851.0
2022-01-07 04:00:00,73.465,74.77,73.405,74.385,0,50102.0
2022-01-07 06:00:00,74.99,75.39,74.815,74.955,0,17974.0
2022-01-07 07:00:00,74.98,75.455,74.61,74.61,0,24725.0
2022-01-07 08:00:00,74.725,75.455,72.625,73.335,0,357208.0
2022-01-07 09:00:00,73.405,75.47,73.305,74.98,0,7156190.0
2022-01-07 10:00:00,74.985,75.055,71.0,71.59,0,8898340.0
2022-01-07 11:00:00,71.595,73.285,71.32,72.89,0,6346200.0
2022-01-07 12:00:00,72.89,73.0847,72.035,72.7825,0,3221080.0
2022-01-07 13:00:00,72.7825,73.055,72.1,72.32,0,2778580.0
2022-01-07 14:00:00,72.325,73.015,71.63,72.79,0,3576110.0
2022-01-07 15:00:00,72.79,73.24,71.875,72.02,0,4725270.0
2022-01-07 16:00:00,72.025,72.275,71.84,71.87,0,403965.0
2022-01-10 04:00:00,71.855,72.3,71.745,71.91,0,43020.0
2022-01-10 05:00:00,71.91,72.225,71.265,71.43,0,37590.0
2022-01-10 06:00:00,71.51,71.59,70.855,71.315,0,38185.0
2022-01-10 07:00:00,71.36,71.455,69.055,69.055,0,112609.0
2022-01-10 08:00:00,71.36,71.4698,69.0,69.305,0,303116.0
2022-01-10 09:00:00,69.28,69.675,67.275,67.525,0,7340080.0
2022-01-10 10:00:00,67.5102,67.68,66.05,66.6643,0,9736950.0
2022-01-10 11:00:00,66.6643,68.49,66.385,68.1,0,6850320.0
2022-01-10 12:00:00,68.1,68.3,66.76,67.775,0,4509810.0
2022-01-10 13:00:00,67.785,69.8675,67.65,69.6,0,5690830.0
2022-01-10 14:00:00,69.599,70.985,69.5112,70.34,0,5550520.0
2022-01-10 15:00:00,70.34,72.47,69.545,72.305,0,6746190.0
2022-01-10 16:00:00,72.285,72.565,72.1475,72.47,0,249675.0
2022-01-11 05:00:00,73.79,74.075,73.62,73.81,0,39807.0
2022-01-11 06:00:00,73.82,73.82,73.225,73.34,0,43561.0
2022-01-11 07:00:00,73.3,73.56,72.85,72.88,0,62710.0
2022-01-11 08:00:00,73.41,73.545,72.185,72.24,0,276354.0
2022-01-11 09:00:00,72.2,72.2,70.525,71.5249,0,6290110.0
2022-01-11 10:00:00,71.55,72.9791,70.925,71.75,0,9381350.0
2022-01-11 11:00:00,71.75,75.36,71.665,75.2612,0,8951060.0
2022-01-11 12:00:00,75.2612,75.405,74.2,74.59,0,4476100.0
2022-01-11 13:00:00,74.585,75.155,74.04,75.055,0,3300820.0
2022-01-11 14:00:00,75.04,75.495,74.49,75.1495,0,3165980.0
2022-01-11 15:00:00,75.145,75.515,74.745,75.4463,0,4227350.0
2022-01-11 16:00:00,75.46,75.55,75.265,75.33,0,432684.0
2022-01-12 05:00:00,75.83,76.165,75.615,76.055,0,21345.0
2022-01-12 06:00:00,76.1,76.22,75.74,75.74,0,19070.0
2022-01-12 07:00:00,75.765,76.09,75.485,75.87,0,46787.0
2022-01-12 08:00:00,75.9,77.475,75.49,77.415,0,537852.0
2022-01-12 09:00:00,77.415,77.725,76.19,77.36,0,6951210.0
2022-01-12 10:00:00,77.36,77.965,75.5,75.825,0,8092630.0
2022-01-12 11:00:00,75.825,76.72,74.945,76.405,0,6444810.0
2022-01-12 12:00:00,76.405,77.16,75.85,77.055,0,3152330.0
2022-01-12 13:00:00,77.055,77.1,76.0404,76.215,0,2912030.0
2022-01-12 14:00:00,76.22,76.645,75.83,76.385,0,2898020.0
2022-01-12 15:00:00,76.385,76.57,75.7853,76.345,0,4514680.0
2022-01-12 16:00:00,76.345,76.68,76.3,76.365,0,198351.0
2022-01-13 05:00:00,76.28,76.71,76.28,76.42,0,19830.0
2022-01-13 06:00:00,76.42,76.6,76.04,76.1,0,15020.0
2022-01-13 07:00:00,76.11,76.58,76.07,76.47,0,38134.0
2022-01-13 08:00:00,76.3199,77.16,76.1,76.99,0,260871.0
2022-01-13 09:00:00,77.0,77.55,76.61,76.95,0,4926530.0
2022-01-13 10:00:00,77.0,77.08,73.9,74.43,0,8022750.0
2022-01-13 11:00:00,74.43,75.395,73.95,74.9491,0,6045940.0
2022-01-13 12:00:00,74.9491,74.9491,72.0,72.61,0,8423760.0
2022-01-13 13:00:00,72.61,73.42,72.18,73.19,0,5188100.0
2022-01-13 14:00:00,73.19,73.6992,72.01,72.4417,0,4619970.0
2022-01-13 15:00:00,72.45,72.46,70.02,70.58,0,9162810.0
2022-01-13 16:00:00,70.58,73.94,70.21,70.64,0,451963.0
2022-01-14 04:00:00,70.58,71.09,70.41,70.85,0,82225.0
2022-01-14 05:00:00,70.84,70.85,70.12,70.51,0,61663.0
2022-01-14 06:00:00,70.51,70.72,70.02,70.21,0,48956.0
2022-01-14 07:00:00,70.2,70.31,68.21,68.21,0,238950.0
2022-01-14 08:00:00,69.97,70.3,68.09,68.67,0,596370.0
2022-01-14 09:00:00,68.65,71.91,68.46,71.71,0,7195150.0
2022-01-14 10:00:00,71.71,71.98,70.04,70.5698,0,8694100.0
2022-01-14 11:00:00,70.5698,71.5884,69.5,71.2,0,6396690.0
2022-01-14 12:00:00,71.21,71.38,69.715,69.78,0,4318140.0
2022-01-14 13:00:00,69.78,70.97,69.31,70.815,0,4413730.0
2022-01-14 14:00:00,70.815,71.24,70.22,70.57,0,4161220.0
2022-01-14 15:00:00,70.57,72.065,70.57,71.91,0,7839580.0
2022-01-14 16:00:00,71.9,74.53,71.78,72.2,0,307139.0
2022-01-18 04:00:00,68.65,68.71,67.45,68.0,0,244969.0
2022-01-18 05:00:00,68.0,68.47,67.89,68.05,0,56046.0
2022-01-18 06:00:00,68.15,68.3,67.75,68.13,0,61428.0
2022-01-18 07:00:00,68.15,68.93,68.14,68.84,0,109063.0
2022-01-18 08:00:00,68.84,69.02,68.17,68.9,0,381790.0
2022-01-18 09:00:00,68.9,68.98,67.505,68.31,0,6266770.0
2022-01-18 10:00:00,68.3,69.72,67.88,68.07,0,7421460.0
2022-01-18 11:00:00,68.08,68.73,67.23,68.46,0,5125180.0
2022-01-18 12:00:00,68.46,68.62,67.13,67.22,0,4027540.0
2022-01-18 13:00:00,67.22,67.52,66.82,67.38,0,4598530.0
2022-01-18 14:00:00,67.366,68.24,67.05,67.95,0,3928820.0
2022-01-18 15:00:00,67.95,68.08,66.0609,66.6253,0,7554910.0
2022-01-18 16:00:00,66.64,67.0,66.42,67.0,0,1370070.0
2022-01-19 04:00:00,66.29,67.33,66.11,67.27,0,115533.0
2022-01-19 06:00:00,67.3,67.43,66.76,67.36,0,33533.0
2022-01-19 07:00:00,67.38,67.45,66.88,67.28,0,91548.0
2022-01-19 08:00:00,67.38,68.04,66.87,67.93,0,466141.0
2022-01-19 09:00:00,67.97,68.68,67.14,68.57,0,7287590.0
2022-01-19 10:00:00,68.57,68.71,65.91,66.4799,0,10072800.0
2022-01-19 11:00:00,66.48,66.82,65.2,66.38,0,7751790.0
2022-01-19 12:00:00,66.38,67.98,66.355,67.91,0,5831740.0
2022-01-19 13:00:00,67.92,67.96,66.83,67.14,0,3749930.0
2022-01-19 14:00:00,67.13,67.29,65.73,66.25,0,5095810.0
2022-01-19 15:00:00,66.26,66.65,64.16,64.3384,0,8363420.0
2022-01-19 16:00:00,64.33,64.49,64.0,64.305,0,607765.0
2022-01-20 07:00:00,65.96,66.07,65.34,65.73,0,128724.0
2022-01-20 08:00:00,65.9,66.47,65.35,66.23,0,572825.0
2022-01-20 09:00:00,66.23,67.48,65.9,67.365,0,6014250.0
2022-01-20 10:00:00,67.37,68.03,66.62,67.8,0,6655140.0
2022-01-20 11:00:00,67.8,68.18,66.92,67.445,0,4928380.0
2022-01-20 12:00:00,67.46,67.69,66.82,66.985,0,3005200.0
2022-01-20 13:00:00,66.97,66.975,66.04,66.13,0,4128970.0
2022-01-20 14:00:00,66.13,66.82,64.8,64.91,0,5625890.0
2022-01-20 15:00:00,64.9,65.28,61.5,61.73,0,12420900.0
2022-01-20 16:00:00,61.72,61.93,59.4,60.34,0,1259690.0
2022-01-21 06:00:00,61.24,61.25,60.05,60.65,0,169744.0
2022-01-21 07:00:00,60.66,60.68,59.82,60.14,0,225611.0
2022-01-21 08:00:00,60.2902,60.65,59.82,60.25,0,468039.0
2022-01-21 09:00:00,60.26,61.53,59.19,59.425,0,12818100.0
2022-01-21 10:00:00,59.43,61.5,57.95,60.83,0,20957000.0
2022-01-21 11:00:00,60.83,62.025,59.45,60.01,0,12206500.0
2022-01-21 12:00:00,60.01,60.58,58.875,59.35,0,7911080.0
2022-01-21 13:00:00,59.34,60.05,58.54,58.91,0,6867780.0
2022-01-21 14:00:00,58.9,59.51,57.62,57.68,0,6899350.0
2022-01-21 15:00:00,57.68,58.48,56.5,56.51,0,14855400.0
2022-01-21 16:00:00,56.51,56.93,56.44,56.49,0,806412.0
2022-01-24 04:00:00,57.38,57.7,56.64,56.98,0,242716.0
2022-01-24 05:00:00,56.95,56.95,55.04,55.59,0,202208.0
2022-01-24 06:00:00,55.59,56.41,55.54,56.21,0,142493.0
2022-01-24 07:00:00,56.28,56.4,54.9,55.08,0,367038.0
2022-01-24 08:00:00,55.8999,56.29,53.56,53.56,0,1202380.0
2022-01-24 09:00:00,53.58,54.685,52.21,52.72,0,17862400.0
2022-01-24 10:00:00,52.72,53.57,51.32,52.66,0,22611300.0
2022-01-24 11:00:00,52.66,52.66,49.475,50.8221,0,18367800.0
2022-01-24 12:00:00,50.82,51.21,48.1787,50.72,0,16394100.0
2022-01-24 13:00:00,50.69,53.73,50.44,53.7,0,14639100.0
2022-01-24 14:00:00,53.71,54.54,51.32,53.41,0,13827300.0
2022-01-24 15:00:00,53.42,57.75,53.02,57.565,0,21981600.0
2022-01-24 16:00:00,57.5799,57.77,53.9761,57.7,0,510240.0
2022-01-25 04:00:00,54.16,56.04,53.88,55.68,0,276543.0
2022-01-25 05:00:00,55.71,55.96,54.59,54.82,0,159035.0
2022-01-25 06:00:00,54.81,55.35,54.04,54.36,0,157121.0
2022-01-25 08:00:00,54.1,54.5,53.14,54.02,0,516891.0
2022-01-25 09:00:00,54.01,55.2,52.33,52.76,0,13119300.0
2022-01-25 10:00:00,52.75,54.441,52.01,53.07,0,19047100.0
2022-01-25 11:00:00,53.06,53.67,51.75,51.9399,0,11366100.0
2022-01-25 12:00:00,51.94,53.23,51.8203,52.69,0,8881640.0
2022-01-25 13:00:00,52.69,54.845,52.07,54.8,0,8803900.0
2022-01-25 14:00:00,54.8,56.31,54.085,56.2,0,10335000.0
2022-01-25 15:00:00,56.2,56.24,52.93,53.35,0,15170800.0
2022-01-25 16:00:00,53.35,53.97,50.42,50.78,0,1944530.0
2022-01-26 04:00:00,55.05,56.61,55.03,56.17,0,321270.0
2022-01-26 06:00:00,56.35,56.87,56.34,56.84,0,120544.0
2022-01-26 07:00:00,56.82,56.86,55.8,56.32,0,205125.0
2022-01-26 08:00:00,56.32,57.31,55.8,56.86,0,776956.0
2022-01-26 09:00:00,56.86,57.25,55.58,56.75,0,8591110.0
2022-01-26 10:00:00,56.75,57.44,55.3,56.02,0,12043000.0
2022-01-26 11:00:00,56.02,56.96,55.48,56.675,0,7072710.0
2022-01-26 12:00:00,56.675,57.8083,56.61,57.6501,0,5900020.0
2022-01-26 13:00:00,57.6501,57.7,56.84,57.05,0,5278410.0
2022-01-26 14:00:00,57.04,58.85,53.81,54.6,0,35818500.0
2022-01-26 15:00:00,54.6,54.6,51.37,53.28,0,28808800.0
2022-01-26 16:00:00,53.31,53.57,52.28,53.355,0,683282.0
2022-01-27 04:00:00,52.99,54.23,52.75,54.03,0,300899.0
2022-01-27 05:00:00,54.03,54.39,52.5,52.7,0,256443.0
2022-01-27 07:00:00,54.08,54.61,53.41,54.26,0,165722.0
2022-01-27 08:00:00,53.8099,55.11,53.41,55.0,0,664810.0
2022-01-27 09:00:00,54.99,56.09,54.24,55.64,0,11957500.0
2022-01-27 10:00:00,55.64,56.24,53.641,54.96,0,14706200.0
2022-01-27 11:00:00,54.95,55.59,54.2083,54.95,0,10462500.0
2022-01-27 12:00:00,54.95,54.99,52.475,53.285,0,10571700.0
2022-01-27 13:00:00,53.28,53.57,51.41,52.44,0,10645000.0
2022-01-27 14:00:00,52.43,53.38,51.26,51.75,0,9379090.0
2022-01-27 15:00:00,51.75,52.85,51.04,51.49,0,11601000.0
2022-01-27 16:00:00,51.5,52.89,51.06,52.85,0,710671.0
2022-01-28 04:00:00,52.51,52.87,52.06,52.28,0,203799.0
2022-01-28 06:00:00,51.94,52.1,51.08,51.5,0,199448.0
2022-01-28 07:00:00,51.5,51.82,49.79,50.28,0,313722.0
2022-01-28 08:00:00,50.33,52.18,49.8,51.78,0,989180.0
2022-01-28 09:00:00,51.75,52.76,50.16,50.53,0,9840020.0
2022-01-28 10:00:00,50.54,53.24,50.1,53.22,0,16105800.0
2022-01-28 11:00:00,53.22,54.895,52.58,54.815,0,14696000.0
2022-01-28 12:00:00,54.83,55.0591,53.675,53.77,0,9071360.0
2022-01-28 13:00:00,53.765,54.57,53.56,54.17,0,7351760.0
2022-01-28 14:00:00,54.16,54.58,52.26,53.962,0,11655700.0
2022-01-28 15:00:00,53.962,56.46,53.79,56.44,0,14993900.0
2022-01-28 16:00:00,56.43,56.5,55.9704,56.37,0,666236.0
2022-01-31 05:00:00,57.45,57.48,56.89,57.18,0,166486.0
2022-01-31 07:00:00,57.01,57.14,56.0,56.62,0,127900.0
2022-01-31 08:00:00,57.04,57.105,56.02,56.87,0,679221.0
2022-01-31 09:00:00,56.9,58.78,56.22,58.73,0,9706360.0
2022-01-31 10:00:00,58.73,59.81,58.69,59.715,0,12627500.0
2022-01-31 11:00:00,59.715,60.48,59.09,60.385,0,7659010.0
2022-01-31 12:00:00,60.3886,60.5197,59.65,60.425,0,5577860.0
2022-01-31 13:00:00,60.425,60.54,59.89,60.41,0,4774440.0
2022-01-31 14:00:00,60.42,61.0,60.2501,60.8483,0,4928700.0
2022-01-31 15:00:00,60.8483,62.0599,59.7,61.83,0,12334400.0
2022-01-31 16:00:00,61.85,61.85,61.27,61.45,0,555323.0
2022-02-01 04:00:00,62.5,62.63,61.24,61.67,0,195049.0
2022-02-01 05:00:00,61.66,62.08,61.44,61.55,0,39135.0
2022-02-01 07:00:00,61.6,62.36,61.48,62.25,0,95340.0
2022-02-01 08:00:00,61.64,62.66,61.51,62.51,0,478583.0
2022-02-01 09:00:00,62.51,62.64,60.46,61.135,0,9564990.0
2022-02-01 10:00:00,61.13,61.4285,59.73,61.35,0,11264600.0
2022-02-01 11:00:00,61.35,62.39,61.17,62.17,0,7118620.0
2022-02-01 12:00:00,62.17,62.245,61.1315,61.9291,0,4930640.0
2022-02-01 13:00:00,61.92,61.9598,61.24,61.5995,0,4083330.0
2022-02-01 14:00:00,61.5995,61.87,60.89,61.46,0,3795960.0
2022-02-01 15:00:00,61.46,63.35,61.34,62.98,0,8549480.0
2022-02-01 16:00:00,62.98,64.85,62.92,64.57,0,990764.0
2022-02-02 04:00:00,65.26,66.29,65.1,66.22,0,196559.0
2022-02-02 06:00:00,65.79,65.98,65.43,65.92,0,74773.0
2022-02-02 07:00:00,65.94,66.37,65.71,66.25,0,128262.0
2022-02-02 08:00:00,66.23,66.37,65.22,65.28,0,554103.0
2022-02-02 09:00:00,65.28,65.37,63.44,64.3085,0,8921520.0
2022-02-02 10:00:00,64.32,65.23,63.31,63.94,0,9690790.0
2022-02-02 11:00:00,63.94,64.0999,62.351,63.4467,0,9582360.0
2022-02-02 12:00:00,63.45,64.63,63.0405,64.615,0,6484690.0
2022-02-02 13:00:00,64.62,64.64,63.571,63.87,0,4688750.0
2022-02-02 14:00:00,63.87,64.7099,63.26,64.3083,0,4862040.0
2022-02-02 15:00:00,64.29,65.0,64.0,64.5,0,7581140.0
2022-02-02 16:00:00,64.53,64.61,60.39,61.33,0,1495260.0
2022-02-03 05:00:00,60.39,60.6,60.21,60.35,0,56082.0
2022-02-03 07:00:00,60.48,60.88,59.96,60.61,0,143527.0
2022-02-03 08:00:00,60.26,60.87,59.15,59.27,0,601735.0
2022-02-03 09:00:00,59.27,60.5,58.89,59.38,0,9799560.0
2022-02-03 10:00:00,59.38,61.07,59.01,59.85,0,9898810.0
2022-02-03 11:00:00,59.855,60.6,58.8,58.83,0,5893050.0
2022-02-03 12:00:00,58.825,59.17,58.35,58.84,0,6058400.0
2022-02-03 13:00:00,58.84,59.39,58.42,58.7175,0,4516450.0
2022-02-03 14:00:00,58.71,59.19,57.52,57.8317,0,6188260.0
2022-02-03 15:00:00,57.84,58.47,56.12,56.7,0,9828640.0
2022-02-03 16:00:00,56.7,60.34,56.6,60.23,0,2506120.0
2022-02-04 07:00:00,56.94,58.3,56.94,58.171,0,205972.0
2022-02-04 08:00:00,58.18,58.27,55.7,55.74,0,1143930.0
2022-02-04 09:00:00,55.7,57.91,52.8,57.56,0,8477240.0
2022-02-04 10:00:00,57.56,58.62,56.53,56.7,0,9981440.0
2022-02-04 11:00:00,56.71,58.12,56.01,57.63,0,7550080.0
2022-02-04 12:00:00,57.63,58.5,57.34,58.44,0,5276110.0
2022-02-04 13:00:00,58.44,59.63,58.44,59.53,0,5754530.0
2022-02-04 14:00:00,59.53,59.8,58.88,59.67,0,4541270.0
2022-02-04 15:00:00,59.6701,60.41,58.695,58.7617,0,8476660.0
2022-02-04 16:00:00,58.76,58.94,58.13,58.32,0,622120.0
2022-02-07 05:00:00,58.45,58.8,58.35,58.4,0,58895.0
2022-02-07 08:00:00,58.93,59.7,58.74,59.35,0,405336.0
2022-02-07 09:00:00,59.38,60.27,58.65,59.965,0,6978620.0
2022-02-07 10:00:00,59.965,60.08,58.85,59.27,0,7028250.0
2022-02-07 11:00:00,59.26,59.52,57.43,57.945,0,5650750.0
2022-02-07 12:00:00,57.935,58.21,57.27,57.73,0,3913980.0
2022-02-07 13:00:00,57.73,58.69,57.62,58.5983,0,3913600.0
2022-02-07 14:00:00,58.61,59.0695,58.18,58.73,0,4065600.0
2022-02-07 15:00:00,58.72,59.3,56.72,57.365,0,7538050.0
2022-02-07 16:00:00,57.37,57.87,57.37,57.78,0,398875.0
2022-02-08 05:00:00,57.4,57.61,57.1,57.46,0,319996.0
2022-02-08 06:00:00,57.47,57.54,56.75,57.0,0,84080.0
2022-02-08 07:00:00,56.95,57.05,56.44,56.84,0,116166.0
2022-02-08 08:00:00,56.9501,57.17,56.45,56.9401,0,270710.0
2022-02-08 09:00:00,56.95,57.64,56.6135,56.86,0,5400970.0
2022-02-08 10:00:00,56.85,58.08,56.23,57.83,0,8238390.0
2022-02-08 11:00:00,57.84,58.99,57.8117,58.805,0,5651170.0
2022-02-08 12:00:00,58.81,59.63,58.46,59.2297,0,4461950.0
2022-02-08 13:00:00,59.2297,59.2297,58.48,58.855,0,4379330.0
2022-02-08 14:00:00,58.8508,59.18,58.0199,58.3,0,4928090.0
2022-02-08 15:00:00,58.3,59.8255,57.9495,59.33,0,7858740.0
2022-02-08 16:00:00,59.33,59.64,59.19,59.49,0,353899.0
2022-02-09 05:00:00,60.66,61.08,60.61,60.97,0,59071.0
2022-02-09 06:00:00,60.98,61.45,60.8,61.36,0,51441.0
2022-02-09 07:00:00,61.36,61.73,61.25,61.59,0,137949.0
2022-02-09 08:00:00,61.37,61.89,61.28,61.55,0,432927.0
2022-02-09 09:00:00,61.55,61.97,60.91,61.085,0,7283390.0
2022-02-09 10:00:00,61.09,61.935,60.78,61.92,0,7896640.0
2022-02-09 11:00:00,61.92,62.17,61.52,61.6883,0,5499180.0
2022-02-09 12:00:00,61.69,62.4,61.47,62.38,0,4193500.0
2022-02-09 13:00:00,62.38,62.48,62.0517,62.3391,0,2479700.0
2022-02-09 14:00:00,62.3391,62.84,62.33,62.42,0,3223070.0
2022-02-09 15:00:00,62.43,63.08,61.92,63.08,0,6743070.0
2022-02-09 16:00:00,63.08,63.38,62.8799,63.2,0,477165.0
2022-02-10 04:00:00,62.26,62.41,62.12,62.35,0,71848.0
2022-02-10 05:00:00,62.32,62.58,62.27,62.55,0,42821.0
2022-02-10 07:00:00,62.48,62.89,62.46,62.81,0,33926.0
2022-02-10 08:00:00,62.83,63.2,60.0,60.08,0,1526290.0
2022-02-10 09:00:00,60.06,61.715,59.05,61.42,0,10282500.0
2022-02-10 10:00:00,61.42,62.91,61.25,61.5699,0,10603800.0
2022-02-10 11:00:00,61.56,62.07,60.7,61.99,0,7164370.0
2022-02-10 12:00:00,61.99,62.27,60.05,60.95,0,7007580.0
2022-02-10 13:00:00,60.92,61.34,59.13,60.26,0,8502100.0
2022-02-10 14:00:00,60.26,61.9758,58.871,59.13,0,6434130.0
2022-02-10 15:00:00,59.12,59.6832,57.8,58.78,0,10075700.0
2022-02-10 16:00:00,58.78,61.9758,58.25,58.72,0,502884.0
2022-02-11 04:00:00,57.54,58.05,57.26,57.43,0,140043.0
2022-02-11 05:00:00,57.4,57.75,57.39,57.71,0,60921.0
2022-02-11 06:00:00,57.72,57.73,57.25,57.57,0,64955.0
2022-02-11 07:00:00,57.57,58.76,57.53,58.4,0,192240.0
2022-02-11 08:00:00,57.69,59.23,57.55,59.0,0,763505.0
2022-02-11 09:00:00,59.0,59.55,57.86,58.015,0,7108950.0
2022-02-11 10:00:00,58.015,59.04,57.43,57.78,0,9198680.0
2022-02-11 11:00:00,57.79,58.42,56.66,57.12,0,7450090.0
2022-02-11 12:00:00,57.11,57.54,56.42,56.48,0,4826540.0
2022-02-11 13:00:00,56.48,56.925,54.09,54.26,0,11615300.0
2022-02-11 14:00:00,54.25,55.05,52.87,53.54,0,14301300.0
2022-02-11 15:00:00,53.55,54.45,52.555,53.2199,0,14129100.0
2022-02-11 16:00:00,53.22,53.8,52.94,53.46,0,718948.0
2022-02-14 04:00:00,51.52,51.93,51.11,51.42,0,365416.0
2022-02-14 05:00:00,51.45,52.04,51.02,51.7,0,244271.0
2022-02-14 06:00:00,51.68,51.98,51.42,51.81,0,122109.0
2022-02-14 07:00:00,51.8,53.5,51.35,53.2,0,365105.0
2022-02-14 08:00:00,53.19,53.56,51.36,52.61,0,974238.0
2022-02-14 09:00:00,52.61,54.31,52.47,53.79,0,7076840.0
2022-02-14 10:00:00,53.79,54.17,52.86,53.6092,0,8644780.0
2022-02-14 11:00:00,53.6092,54.78,53.45,54.375,0,5833600.0
2022-02-14 12:00:00,54.38,54.97,54.1801,54.46,0,3495750.0
2022-02-14 13:00:00,54.46,54.74,52.12,52.13,0,5265660.0
2022-02-14 14:00:00,52.13,53.53,51.7,53.16,0,9094940.0
2022-02-14 15:00:00,53.16,53.86,52.48,53.45,0,7422320.0
2022-02-14 16:00:00,53.42,53.65,53.32,53.46,0,324067.0
2022-02-15 04:00:00,55.82,56.54,55.77,56.23,0,330998.0
2022-02-15 05:00:00,56.23,56.63,56.05,56.4,0,176971.0
2022-02-15 06:00:00,56.42,57.0,56.35,56.71,0,129245.0
2022-02-15 07:00:00,56.72,56.96,56.47,56.69,0,295581.0
2022-02-15 08:00:00,56.69,56.96,55.72,55.84,0,832960.0
2022-02-15 09:00:00,55.83,56.4,55.5406,56.17,0,6281860.0
2022-02-15 10:00:00,56.17,56.68,55.615,56.4,0,6876620.0
2022-02-15 11:00:00,56.4,56.87,56.27,56.715,0,4249470.0
2022-02-15 12:00:00,56.72,56.8203,55.35,55.795,0,4840930.0
2022-02-15 13:00:00,55.795,56.7,55.73,56.63,0,3523110.0
2022-02-15 14:00:00,56.64,56.94,56.21,56.85,0,3386430.0
2022-02-15 15:00:00,56.85,57.44,56.42,57.3601,0,7099800.0
2022-02-15 16:00:00,57.38,57.38,56.88,57.1,0,468450.0
2022-02-16 07:00:00,57.37,57.56,56.79,56.94,0,86074.0
2022-02-16 08:00:00,56.95,57.73,56.31,56.42,0,477964.0
2022-02-16 09:00:00,56.43,56.47,54.7,55.03,0,5802810.0
2022-02-16 10:00:00,55.02,55.72,54.7701,55.4601,0,7751540.0
2022-02-16 11:00:00,55.47,55.86,55.181,55.6265,0,3614240.0
2022-02-16 12:00:00,55.62,55.8,54.7603,55.092,0,3515850.0
2022-02-16 13:00:00,55.09,55.43,54.9,55.2388,0,2680970.0
2022-02-16 14:00:00,55.24,57.36,54.85,57.12,0,14395200.0
2022-02-16 15:00:00,57.1297,57.7999,57.0511,57.27,0,7370830.0
2022-02-16 16:00:00,57.29,57.72,56.84,57.2,0,405940.0
2022-02-17 05:00:00,56.07,56.39,56.03,56.22,0,104053.0
2022-02-17 06:00:00,56.22,56.31,55.94,56.19,0,56896.0
2022-02-17 07:00:00,56.21,56.75,56.15,56.66,0,75332.0
2022-02-17 08:00:00,56.46,56.87,55.48,55.61,0,612035.0
2022-02-17 09:00:00,55.6,56.12,54.64,54.9799,0,6236450.0
2022-02-17 10:00:00,54.9799,55.28,54.02,54.4798,0,6873000.0
2022-02-17 11:00:00,54.475,55.04,54.34,54.45,0,4311900.0
2022-02-17 12:00:00,54.454,54.56,53.9197,54.33,0,3373180.0
2022-02-17 13:00:00,54.33,54.3699,53.58,53.8,0,3428860.0
2022-02-17 14:00:00,53.8,53.8,53.0,53.02,0,4316170.0
2022-02-17 15:00:00,53.02,53.1,51.97,52.17,0,9280890.0
2022-02-17 16:00:00,52.17,52.28,51.83,52.07,0,652820.0
2022-02-18 04:00:00,53.14,53.34,52.82,53.32,0,226530.0
2022-02-18 06:00:00,53.25,53.36,52.89,53.06,0,75530.0
2022-02-18 07:00:00,53.05,53.28,52.96,53.24,0,105049.0
2022-02-18 08:00:00,53.23,53.38,51.7704,52.35,0,760395.0
2022-02-18 09:00:00,52.35,52.7891,51.31,52.39,0,7644530.0
2022-02-18 10:00:00,52.39,52.5,50.71,50.8809,0,8169290.0
2022-02-18 11:00:00,50.89,51.05,49.93,50.0885,0,7481100.0
2022-02-18 12:00:00,50.07,50.97,49.68,49.73,0,6192700.0
2022-02-18 13:00:00,49.72,50.46,49.31,50.22,0,5747910.0
2022-02-18 14:00:00,50.21,51.83,50.1403,51.52,0,8983200.0
2022-02-18 15:00:00,51.52,51.94,49.93,50.41,0,12370200.0
2022-02-18 16:00:00,50.42,50.77,50.2,50.31,0,3535370.0
2022-02-22 04:00:00,47.55,47.82,47.11,47.38,0,451864.0
2022-02-22 05:00:00,47.39,49.97,47.35,49.5,0,282011.0
2022-02-22 06:00:00,49.52,49.6,48.9,49.37,0,226556.0
2022-02-22 07:00:00,49.35,49.87,48.97,49.65,0,246643.0
2022-02-22 08:00:00,49.65,49.8501,48.9804,49.66,0,670401.0
2022-02-22 09:00:00,49.6401,51.36,48.84,50.555,0,8813970.0
2022-02-22 10:00:00,50.55,51.495,49.64,49.71,0,11543600.0
2022-02-22 11:00:00,49.72,49.91,48.54,48.93,0,8550090.0
2022-02-22 12:00:00,48.93,49.33,48.33,48.5,0,4518400.0
2022-02-22 13:00:00,48.52,48.7871,47.59,47.775,0,5142600.0
2022-02-22 14:00:00,47.775,49.87,47.205,49.528,0,12150900.0
2022-02-22 15:00:00,49.528,50.46,48.2803,48.87,0,13276500.0
2022-02-22 16:00:00,48.87,49.74,48.8363,49.45,0,705235.0
2022-02-23 04:00:00,50.53,51.0,50.47,50.57,0,254711.0
2022-02-23 05:00:00,50.59,50.71,50.13,50.33,0,115719.0
2022-02-23 07:00:00,49.9,50.66,49.8,50.56,0,120721.0
2022-02-23 08:00:00,49.99,50.66,49.8296,50.52,0,456099.0
2022-02-23 09:00:00,50.528,50.63,49.15,49.28,0,7009730.0
2022-02-23 10:00:00,49.29,49.29,47.6883,47.965,0,10379800.0
2022-02-23 11:00:00,47.965,48.51,47.28,48.305,0,8035450.0
2022-02-23 12:00:00,48.3083,48.8687,47.68,47.81,0,6092630.0
2022-02-23 13:00:00,47.81,47.8194,46.62,46.96,0,8292250.0
2022-02-23 14:00:00,46.95,47.2,45.7471,45.97,0,9350290.0
2022-02-23 15:00:00,45.97,46.05,44.97,45.09,0,15000000.0
2022-02-23 16:00:00,45.09,45.41,44.75,44.9,0,913679.0
2022-02-24 04:00:00,42.04,42.5,41.45,41.63,0,719535.0
2022-02-24 05:00:00,41.62,42.19,41.17,41.44,0,336586.0
2022-02-24 06:00:00,41.45,41.61,40.72,41.58,0,494798.0
2022-02-24 07:00:00,41.58,41.64,40.56,40.81,0,617816.0
2022-02-24 08:00:00,40.83,41.61,40.3,41.0,0,1357440.0
2022-02-24 09:00:00,41.0,43.67,40.61,43.44,0,16200400.0
2022-02-24 10:00:00,43.44,44.985,42.5,44.56,0,17843100.0
2022-02-24 11:00:00,44.56,45.645,44.21,45.45,0,12781400.0
2022-02-24 12:00:00,45.45,45.57,44.06,44.57,0,11131100.0
2022-02-24 13:00:00,44.57,47.0208,44.41,46.04,0,12581000.0
2022-02-24 14:00:00,46.01,48.0312,45.6,47.755,0,13870700.0
2022-02-24 15:00:00,47.75,49.85,47.575,49.65,0,13968500.0
2022-02-24 16:00:00,49.69,49.69,48.87,49.1,0,1094520.0
2022-02-25 06:00:00,49.1,49.44,48.3,48.97,0,199869.0
2022-02-25 07:00:00,48.94,50.32,48.84,50.08,0,384225.0
2022-02-25 08:00:00,48.94,51.19,48.89,50.47,0,1291020.0
2022-02-25 09:00:00,50.46,50.55,48.55,48.65,0,9435330.0
2022-02-25 10:00:00,48.64,50.9989,48.25,50.67,0,11457900.0
2022-02-25 11:00:00,50.66,51.7894,50.27,51.7785,0,8238180.0
2022-02-25 12:00:00,51.7785,51.92,50.62,50.8898,0,6913310.0
2022-02-25 13:00:00,50.88,51.6299,50.43,51.21,0,6884090.0
2022-02-25 14:00:00,51.22,51.69,50.69,51.2,0,6036780.0
2022-02-25 15:00:00,51.2,52.005,50.8196,51.955,0,9573780.0
2022-02-25 16:00:00,51.955,52.12,51.88,52.0,0,400355.0
2022-02-28 04:00:00,49.45,50.53,49.36,49.75,0,269874.0
2022-02-28 05:00:00,49.8,50.11,49.42,50.03,0,93868.0
2022-02-28 06:00:00,50.0,50.35,49.6,49.87,0,99001.0
2022-02-28 07:00:00,49.89,50.75,49.87,50.18,0,175040.0
2022-02-28 08:00:00,50.1,50.71,49.38,49.97,0,598542.0
2022-02-28 09:00:00,49.98,51.59,49.86,51.565,0,8256680.0
2022-02-28 10:00:00,51.57,52.56,50.3408,52.35,0,9679320.0
2022-02-28 11:00:00,52.35,53.185,52.0508,52.8,0,8087190.0
2022-02-28 12:00:00,52.795,52.95,50.72,51.17,0,7668040.0
2022-02-28 13:00:00,51.16,51.9629,50.83,51.508,0,7418130.0
2022-02-28 14:00:00,51.508,51.508,49.9295,50.84,0,7665230.0
2022-02-28 15:00:00,50.84,52.6,50.24,52.52,0,9874400.0
2022-02-28 16:00:00,52.54,52.54,52.1206,52.35,0,561097.0
2022-03-01 04:00:00,52.21,52.25,51.15,51.24,0,146016.0
2022-03-01 05:00:00,51.25,51.67,50.87,51.65,0,150940.0
2022-03-01 06:00:00,51.63,51.77,50.76,51.01,0,110821.0
2022-03-01 07:00:00,51.03,51.68,50.69,51.29,0,166687.0
2022-03-01 08:00:00,51.31,52.28,51.01,51.98,0,645956.0
2022-03-01 09:00:00,51.94,52.75,51.64,52.2,0,7817480.0
2022-03-01 10:00:00,52.22,52.97,51.42,51.62,0,12358200.0
2022-03-01 11:00:00,51.63,52.28,50.15,50.345,0,8825380.0
2022-03-01 12:00:00,50.345,51.1094,49.94,50.9782,0,6475350.0
2022-03-01 13:00:00,50.95,51.26,49.64,50.0699,0,6081630.0
2022-03-01 14:00:00,50.07,50.6996,49.56,49.95,0,6852750.0
2022-03-01 15:00:00,49.95,51.0499,48.85,49.99,0,11227100.0
2022-03-01 16:00:00,49.99,50.4,49.6512,50.19,0,621414.0
2022-03-02 04:00:00,49.78,51.18,49.6,50.92,0,262630.0
2022-03-02 06:00:00,50.95,51.44,50.85,51.05,0,91372.0
2022-03-02 07:00:00,51.08,51.3,50.64,50.87,0,139770.0
2022-03-02 08:00:00,51.0801,51.31,50.01,50.31,0,628227.0
2022-03-02 09:00:00,50.27,51.34,50.05,50.75,0,8349050.0
2022-03-02 10:00:00,50.75,51.28,49.4292,50.46,0,15170200.0
2022-03-02 11:00:00,50.46,52.33,50.09,51.7,0,11528100.0
2022-03-02 12:00:00,51.7,52.21,51.55,51.9918,0,5040520.0
2022-03-02 13:00:00,52.0,52.77,51.99,52.4401,0,5371300.0
2022-03-02 14:00:00,52.47,52.96,52.28,52.495,0,4553900.0
2022-03-02 15:00:00,52.49,53.05,52.43,52.47,0,6758930.0
2022-03-02 16:00:00,52.47,52.6175,51.75,52.01,0,426747.0
2022-03-03 04:00:00,51.99,52.29,51.65,52.07,0,69834.0
2022-03-03 05:00:00,52.09,52.09,51.73,51.93,0,32451.0
2022-03-03 06:00:00,51.95,52.32,51.76,51.9,0,100026.0
2022-03-03 07:00:00,51.9,52.35,51.9,52.11,0,94314.0
2022-03-03 08:00:00,52.11,53.59,51.9,53.5,0,571607.0
2022-03-03 09:00:00,53.53,54.17,52.45,52.76,0,8087900.0
2022-03-03 10:00:00,52.76,53.04,50.41,50.425,0,10872400.0
2022-03-03 11:00:00,50.425,51.37,50.2,51.13,0,9280960.0
2022-03-03 12:00:00,51.132,52.23,50.38,51.43,0,9313170.0
2022-03-03 13:00:00,51.42,52.02,51.06,51.2806,0,5312450.0
2022-03-03 14:00:00,51.2806,51.76,50.3,50.48,0,4677620.0
2022-03-03 15:00:00,50.47,50.47,49.38,50.23,0,10327100.0
2022-03-03 16:00:00,50.23,50.57,50.17,50.53,0,450875.0
2022-03-04 04:00:00,49.27,49.34,48.66,48.94,0,194542.0
2022-03-04 05:00:00,48.93,49.68,48.83,48.94,0,99323.0
2022-03-04 07:00:00,49.02,49.21,48.5,49.12,0,175119.0
2022-03-04 08:00:00,49.1399,49.96,48.51,48.94,0,715719.0
2022-03-04 09:00:00,48.89,49.8,48.0701,49.03,0,8878240.0
2022-03-04 10:00:00,49.03,49.3199,47.45,47.5,0,11997800.0
2022-03-04 11:00:00,47.51,47.96,47.0,47.5667,0,8852760.0
2022-03-04 12:00:00,47.5667,48.6594,47.33,48.4282,0,7724420.0
2022-03-04 13:00:00,48.428,49.14,47.73,47.79,0,6582180.0
2022-03-04 14:00:00,47.79,48.2,47.081,47.14,0,6199460.0
2022-03-04 15:00:00,47.142,48.245,47.11,48.0697,0,9401900.0
2022-03-04 16:00:00,48.07,48.09,47.67,47.73,0,362932.0
2022-03-07 04:00:00,45.7,46.16,45.36,45.68,0,311600.0
2022-03-07 05:00:00,45.68,46.0,45.54,45.54,0,98166.0
2022-03-07 07:00:00,46.17,47.45,46.14,46.79,0,368819.0
2022-03-07 08:00:00,46.81,47.69,46.17,47.56,0,805289.0
2022-03-07 09:00:00,47.6,48.54,46.38,46.38,0,9706560.0
2022-03-07 10:00:00,46.38,46.59,45.01,45.235,0,11267800.0
2022-03-07 11:00:00,45.235,46.07,45.11,45.175,0,8707290.0
2022-03-07 12:00:00,45.17,45.5,44.5311,44.79,0,7448260.0
2022-03-07 13:00:00,44.78,45.23,44.18,44.33,0,5987300.0
2022-03-07 14:00:00,44.335,44.81,43.6206,43.74,0,6350070.0
2022-03-07 15:00:00,43.74,43.88,42.64,42.71,0,10305100.0
2022-03-07 16:00:00,42.71,42.79,42.17,42.28,0,895622.0
2022-03-08 04:00:00,42.68,43.25,42.6,43.0,0,468025.0
2022-03-08 06:00:00,42.92,43.07,42.56,43.0,0,136622.0
2022-03-08 07:00:00,43.04,43.69,42.46,42.61,0,331642.0
2022-03-08 08:00:00,42.6,43.63,41.87,42.435,0,1097590.0
2022-03-08 09:00:00,42.42,43.21,41.77,42.04,0,11504300.0
2022-03-08 10:00:00,42.04,42.74,40.82,42.625,0,15180600.0
2022-03-08 11:00:00,42.625,42.919,40.77,41.76,0,11797200.0
2022-03-08 12:00:00,41.76,45.56,41.6601,45.3,0,19030800.0
2022-03-08 13:00:00,45.3,46.0,43.0,43.0283,0,12755000.0
2022-03-08 14:00:00,43.0283,44.2,42.41,43.66,0,11351000.0
2022-03-08 15:00:00,43.67,44.52,42.05,42.115,0,12257400.0
2022-03-08 16:00:00,42.115,42.13,41.51,41.6,0,657113.0
2022-03-09 04:00:00,44.0,44.94,43.86,44.91,0,323466.0
2022-03-09 05:00:00,44.9,45.04,44.46,44.59,0,169550.0
2022-03-09 07:00:00,44.53,45.05,44.3,45.01,0,160247.0
2022-03-09 08:00:00,44.38,45.42,44.31,44.88,0,885819.0
2022-03-09 09:00:00,44.91,45.75,44.35,45.05,0,11091600.0
2022-03-09 10:00:00,45.05,46.13,44.9006,45.975,0,10818200.0
2022-03-09 11:00:00,45.975,46.04,45.165,45.97,0,6818170.0
2022-03-09 12:00:00,45.98,46.77,45.67,46.51,0,6180650.0
2022-03-09 13:00:00,46.52,46.66,45.9143,46.2,0,5241880.0
2022-03-09 14:00:00,46.2,46.7383,46.14,46.5,0,4666610.0
2022-03-09 15:00:00,46.51,47.2,46.32,46.67,0,7713440.0
2022-03-09 16:00:00,46.67,47.49,46.44,47.05,0,770554.0
2022-03-10 04:00:00,45.79,46.31,45.32,45.48,0,161212.0
2022-03-10 06:00:00,45.1,45.3,44.52,44.73,0,224292.0
2022-03-10 07:00:00,44.71,45.05,44.39,44.42,0,206555.0
2022-03-10 08:00:00,44.44,45.49,44.35,44.47,0,1237730.0
2022-03-10 09:00:00,44.49,45.2,44.12,45.0495,0,10386500.0
2022-03-10 10:00:00,45.04,45.375,43.56,43.69,0,11789700.0
2022-03-10 11:00:00,43.69,43.92,43.1904,43.875,0,6833100.0
2022-03-10 12:00:00,43.87,44.3301,43.48,43.55,0,5473480.0
2022-03-10 13:00:00,43.55,44.68,43.44,44.5201,0,6024480.0
2022-03-10 14:00:00,44.52,45.62,44.43,45.445,0,8540810.0
2022-03-10 15:00:00,45.445,45.5699,44.76,45.16,0,8201900.0
2022-03-10 16:00:00,45.15,45.15,44.85,44.99,0,467226.0
2022-03-11 04:00:00,45.1,45.8,45.1,45.69,0,117294.0
2022-03-11 05:00:00,45.68,46.09,45.63,45.8,0,96365.0
2022-03-11 06:00:00,45.8,47.86,45.47,47.39,0,467293.0
2022-03-11 07:00:00,47.36,47.48,46.81,46.96,0,297380.0
2022-03-11 08:00:00,46.96,47.48,46.57,46.62,0,805857.0
2022-03-11 09:00:00,46.61,46.78,44.9696,45.18,0,7962790.0
2022-03-11 10:00:00,45.18,45.18,44.32,44.975,0,9303600.0
2022-03-11 11:00:00,44.975,45.01,43.39,43.87,0,7625370.0
2022-03-11 12:00:00,43.87,44.09,43.29,43.7493,0,4856390.0
2022-03-11 13:00:00,43.75,44.43,43.62,43.63,0,5370950.0
2022-03-11 14:00:00,43.6301,44.15,43.335,43.4998,0,4405950.0
2022-03-11 15:00:00,43.4998,43.595,42.09,42.27,0,7831000.0
2022-03-11 16:00:00,42.27,42.57,42.22,42.32,0,571755.0
2022-03-14 05:00:00,42.6,43.61,42.51,43.3,0,164713.0
2022-03-14 06:00:00,43.35,43.39,42.84,43.1,0,102766.0
2022-03-14 07:00:00,43.09,43.09,41.57,41.66,0,294360.0
2022-03-14 08:00:00,41.64,43.07,41.57,42.39,0,703047.0
2022-03-14 09:00:00,42.39,42.65,41.36,42.02,0,7839660.0
2022-03-14 10:00:00,42.02,43.13,41.65,42.915,0,9235470.0
2022-03-14 11:00:00,42.92,42.985,41.06,41.21,0,6480050.0
2022-03-14 12:00:00,41.2,41.2,40.13,40.15,0,7639590.0
2022-03-14 13:00:00,40.15,40.4291,39.63,40.065,0,7678480.0
2022-03-14 14:00:00,40.065,40.3,39.68,40.17,0,5764430.0
2022-03-14 15:00:00,40.17,40.55,39.56,39.87,0,11035300.0
2022-03-14 16:00:00,39.86,40.25,39.84,40.18,0,551121.0
2022-03-14 17:00:00,40.18,40.24,40.1,40.2,0,59320.0
2022-03-15 06:00:00,39.51,40.34,39.44,40.14,0,154109.0
2022-03-15 07:00:00,40.13,40.56,39.98,40.18,0,168556.0
2022-03-15 08:00:00,40.17,41.12,39.97,40.78,0,947368.0
2022-03-15 09:00:00,40.78,41.35,40.2397,41.0901,0,8107230.0
2022-03-15 10:00:00,41.1,42.37,40.9,42.08,0,9926820.0
2022-03-15 11:00:00,42.08,43.14,42.03,42.3688,0,8596450.0
2022-03-15 12:00:00,42.36,42.95,42.02,42.6,0,6373470.0
2022-03-15 13:00:00,42.6,42.78,41.99,42.48,0,4814080.0
2022-03-15 14:00:00,42.48,42.92,41.8,42.875,0,5765940.0
2022-03-15 15:00:00,42.87,43.8899,42.78,43.6,0,8610580.0
2022-03-15 16:00:00,43.61,43.66,43.37,43.48,0,525468.0
2022-03-15 17:00:00,43.47,43.57,43.47,43.55,0,76510.0
2022-03-16 04:00:00,45.09,45.78,45.04,45.63,0,440134.0
2022-03-16 06:00:00,45.74,46.18,45.67,45.93,0,160008.0
2022-03-16 07:00:00,45.93,46.01,45.64,45.99,0,117030.0
2022-03-16 08:00:00,45.769,46.1,45.4,45.45,0,817224.0
2022-03-16 09:00:00,45.43,46.43,45.12,46.17,0,9359840.0
2022-03-16 10:00:00,46.1797,47.58,45.87,47.26,0,13333300.0
2022-03-16 11:00:00,47.26,47.3663,46.8517,47.09,0,5402650.0
2022-03-16 12:00:00,47.09,47.232,46.08,46.23,0,4799520.0
2022-03-16 13:00:00,46.23,46.51,45.6187,46.44,0,5976640.0
2022-03-16 14:00:00,46.39,46.8,43.69,46.32,0,25764200.0
2022-03-16 15:00:00,46.32,48.48,46.0,48.47,0,15783700.0
2022-03-16 16:00:00,48.46,49.18,48.17,48.8603,0,1109340.0
2022-03-16 17:00:00,48.9,49.0,48.75,48.81,0,174053.0
2022-03-17 04:00:00,48.64,48.69,48.08,48.19,0,163879.0
2022-03-17 06:00:00,48.15,48.16,47.23,48.05,0,238338.0
2022-03-17 07:00:00,48.04,48.18,47.57,47.83,0,104337.0
2022-03-17 08:00:00,47.83,48.16,47.19,47.4,0,661110.0
2022-03-17 09:00:00,47.4,48.75,47.04,48.73,0,8132250.0
2022-03-17 10:00:00,48.73,49.07,47.34,47.655,0,9030250.0
2022-03-17 11:00:00,47.645,48.45,47.29,48.12,0,6561360.0
2022-03-17 12:00:00,48.12,48.85,47.93,48.745,0,4931270.0
2022-03-17 13:00:00,48.745,49.88,48.3301,49.65,0,6215350.0
2022-03-17 14:00:00,49.65,49.7701,49.06,49.5592,0,5366260.0
2022-03-17 15:00:00,49.5592,50.1719,49.0,50.16,0,8510970.0
2022-03-17 16:00:00,50.17,50.29,49.32,49.48,0,561767.0
2022-03-17 17:00:00,49.4,49.55,49.3,49.48,0,46937.0
2022-03-18 05:00:00,49.22,49.3,48.88,49.18,0,94845.0
2022-03-18 06:00:00,49.18,49.32,48.87,49.03,0,99877.0
2022-03-18 07:00:00,49.01,49.05,48.69,48.84,0,65704.0
2022-03-18 08:00:00,48.92,49.2196,48.68,48.98,0,439593.0
2022-03-18 09:00:00,48.97,50.55,48.85,50.54,0,6586860.0
2022-03-18 10:00:00,50.54,51.53,50.39,51.1284,0,10871400.0
2022-03-18 11:00:00,51.13,51.86,51.05,51.48,0,7469610.0
2022-03-18 12:00:00,51.49,52.23,51.3101,52.09,0,5323540.0
2022-03-18 13:00:00,52.08,52.37,51.9202,52.19,0,4245110.0
2022-03-18 14:00:00,52.19,52.5,51.94,52.475,0,4493990.0
2022-03-18 15:00:00,52.475,53.41,52.35,53.22,0,10516900.0
2022-03-18 16:00:00,53.22,53.6,53.13,53.5,0,405114.0
2022-03-18 17:00:00,53.51,53.52,53.35,53.45,0,80841.0
2022-03-21 04:00:00,52.59,52.88,52.48,52.59,0,124631.0
2022-03-21 05:00:00,52.59,52.96,52.31,52.8,0,50266.0
2022-03-21 06:00:00,52.79,52.9,52.57,52.77,0,103603.0
2022-03-21 07:00:00,52.76,53.47,52.74,53.19,0,110973.0
2022-03-21 08:00:00,52.82,53.46,52.75,52.83,0,414762.0
2022-03-21 09:00:00,52.83,53.925,51.9755,52.0996,0,8141610.0
2022-03-21 10:00:00,52.0996,52.7099,51.2683,52.558,0,8961410.0
2022-03-21 11:00:00,52.57,53.78,52.32,53.63,0,8070160.0
2022-03-21 12:00:00,53.63,53.71,51.46,51.53,0,8129700.0
2022-03-21 13:00:00,51.53,51.725,50.77,51.655,0,7465460.0
2022-03-21 14:00:00,51.655,52.53,51.275,51.54,0,6014040.0
2022-03-21 15:00:00,51.54,52.865,51.43,52.84,0,7480260.0
2022-03-21 16:00:00,52.85,53.13,52.79,53.09,0,338256.0
2022-03-21 17:00:00,53.06,53.12,52.97,53.0,0,26299.0
2022-03-22 04:00:00,52.93,53.6,52.87,53.45,0,160096.0
2022-03-22 05:00:00,53.45,53.68,53.27,53.34,0,64686.0
2022-03-22 06:00:00,53.36,53.55,53.09,53.41,0,156421.0
2022-03-22 07:00:00,53.4,53.4,52.96,53.0,0,61730.0
2022-03-22 08:00:00,53.3499,53.415,52.76,53.14,0,337583.0
2022-03-22 09:00:00,53.12,54.13,52.87,53.9,0,7671050.0
2022-03-22 10:00:00,53.9,55.75,53.9,55.5,0,10491000.0
2022-03-22 11:00:00,55.5,56.28,55.28,55.62,0,6905330.0
2022-03-22 12:00:00,55.62,55.82,55.04,55.471,0,5397890.0
2022-03-22 13:00:00,55.471,55.86,55.16,55.842,0,4006850.0
2022-03-22 14:00:00,55.8582,55.995,55.235,55.81,0,4135820.0
2022-03-22 15:00:00,55.82,56.34,55.6501,55.94,0,6592480.0
2022-03-22 16:00:00,55.94,56.1,55.9,55.915,0,385561.0
2022-03-22 17:00:00,55.92,55.94,55.73,55.8201,0,52386.0
2022-03-23 04:00:00,55.92,55.98,55.48,55.69,0,85033.0
2022-03-23 06:00:00,55.23,55.32,54.85,54.98,0,87661.0
2022-03-23 07:00:00,55.0,55.1,54.53,54.7,0,113108.0
2022-03-23 08:00:00,54.72,55.4,54.44,54.54,0,461408.0
2022-03-23 09:00:00,54.5396,54.87,53.73,54.09,0,9457200.0
2022-03-23 10:00:00,54.08,55.42,53.77,55.2,0,11152400.0
2022-03-23 11:00:00,55.2,55.94,55.08,55.925,0,5882950.0
2022-03-23 12:00:00,55.93,56.2693,54.9099,55.31,0,5888190.0
2022-03-23 13:00:00,55.31,55.4088,54.08,54.535,0,6222320.0
2022-03-23 14:00:00,54.535,54.78,53.8,54.175,0,5730700.0
2022-03-23 15:00:00,54.18,54.52,53.5,53.53,0,7254430.0
2022-03-23 16:00:00,53.54,53.74,53.51,53.72,0,339596.0
2022-03-23 17:00:00,53.73,53.74,53.5,53.64,0,60097.0
2022-03-24 04:00:00,54.25,54.91,54.2,54.79,0,204053.0
2022-03-24 05:00:00,54.79,54.92,54.61,54.61,0,92806.0
2022-03-24 06:00:00,54.62,54.65,54.21,54.32,0,79881.0
2022-03-24 07:00:00,54.3,54.92,54.19,54.4,0,186498.0
2022-03-24 08:00:00,54.4499,54.91,54.2,54.5,0,459300.0
2022-03-24 09:00:00,54.5,54.7229,53.83,53.95,0,6108100.0
2022-03-24 10:00:00,53.95,54.7784,53.41,54.38,0,9014610.0
2022-03-24 11:00:00,54.39,55.95,54.27,55.6308,0,7954280.0
2022-03-24 12:00:00,55.63,55.69,55.06,55.6,0,4004250.0
2022-03-24 13:00:00,55.6,55.975,55.39,55.855,0,3832500.0
2022-03-24 14:00:00,55.855,56.21,55.5886,55.9998,0,3882530.0
2022-03-24 15:00:00,55.9998,57.09,55.77,57.07,0,7109950.0
2022-03-24 16:00:00,57.07,57.1,56.95,57.02,0,423613.0
2022-03-24 17:00:00,57.02,57.08,56.98,57.05,0,42105.0
2022-03-25 04:00:00,57.25,57.28,56.25,56.64,0,152375.0
2022-03-25 05:00:00,56.65,57.08,56.38,57.04,0,83109.0
2022-03-25 06:00:00,57.04,57.43,56.94,57.38,0,148022.0
2022-03-25 07:00:00,57.38,57.911,57.21,57.77,0,148702.0
2022-03-25 08:00:00,57.38,57.91,57.2,57.62,0,558769.0
2022-03-25 09:00:00,57.62,57.62,56.42,56.56,0,7466770.0
2022-03-25 10:00:00,56.56,57.5612,56.26,56.875,0,8734160.0
2022-03-25 11:00:00,56.88,56.99,54.85,55.2289,0,8750040.0
2022-03-25 12:00:00,55.22,55.96,54.98,55.68,0,6321640.0
2022-03-25 13:00:00,55.68,56.52,55.42,56.5095,0,5184340.0
2022-03-25 14:00:00,56.5095,56.87,56.36,56.76,0,5731950.0
2022-03-25 15:00:00,56.76,56.99,55.461,56.95,0,8194680.0
2022-03-25 16:00:00,56.95,56.96,56.639,56.86,0,336105.0
2022-03-25 17:00:00,56.86,56.89,56.73,56.77,0,29992.0
2022-03-28 04:00:00,56.44,56.7,56.13,56.7,0,50706.0
2022-03-28 06:00:00,56.46,56.87,56.36,56.76,0,62290.0
2022-03-28 07:00:00,56.8,57.56,56.8,57.54,0,81748.0
2022-03-28 08:00:00,57.0,57.6,56.79,56.98,0,385004.0
2022-03-28 09:00:00,57.0,58.76,56.75,58.45,0,7073770.0
2022-03-28 10:00:00,58.47,58.5,57.231,58.325,0,7939450.0
2022-03-28 11:00:00,58.325,58.4499,56.52,56.71,0,7612250.0
2022-03-28 12:00:00,56.715,57.36,56.335,57.29,0,5553150.0
2022-03-28 13:00:00,57.29,58.065,57.27,57.9687,0,4409320.0
2022-03-28 14:00:00,57.9687,59.0683,57.81,59.0683,0,4888270.0
2022-03-28 15:00:00,59.0697,59.61,58.82,59.605,0,7061600.0
2022-03-28 16:00:00,59.605,59.7,59.49,59.53,0,382625.0
2022-03-28 17:00:00,59.51,59.58,59.45,59.485,0,40688.0
2022-03-29 04:00:00,59.79,60.12,59.79,60.0,0,93614.0
2022-03-29 05:00:00,60.02,60.74,59.95,60.38,0,162760.0
2022-03-29 06:00:00,60.38,60.43,59.99,60.09,0,87467.0
2022-03-29 07:00:00,60.07,60.95,59.93,60.78,0,286205.0
2022-03-29 08:00:00,60.0462,61.74,59.91,61.69,0,836847.0
2022-03-29 09:00:00,61.69,62.38,61.0,61.53,0,10390500.0
2022-03-29 10:00:00,61.54,61.905,60.14,61.279,0,10254600.0
2022-03-29 11:00:00,61.29,61.79,60.77,61.515,0,5336140.0
2022-03-29 12:00:00,61.515,61.6099,60.6908,61.235,0,4774150.0
2022-03-29 13:00:00,61.24,62.01,60.8301,61.975,0,5397090.0
2022-03-29 14:00:00,61.975,62.48,61.63,62.38,0,5221230.0
2022-03-29 15:00:00,62.39,62.96,62.155,62.63,0,8138580.0
2022-03-29 16:00:00,62.63,62.68,62.33,62.42,0,779888.0
2022-03-29 17:00:00,62.43,62.49,62.4,62.49,0,89775.0
2022-03-30 04:00:00,61.92,61.94,61.46,61.63,0,335509.0
2022-03-30 05:00:00,61.65,61.88,61.64,61.88,0,74118.0
2022-03-30 06:00:00,61.87,61.87,61.39,61.7,0,72607.0
2022-03-30 07:00:00,61.72,62.06,61.7,61.95,0,82674.0
2022-03-30 08:00:00,61.75,62.0499,61.23,61.6,0,481996.0
2022-03-30 09:00:00,61.6,62.23,61.37,61.969,0,6294980.0
2022-03-30 10:00:00,61.969,62.5357,61.5206,61.58,0,6257000.0
2022-03-30 11:00:00,61.5805,61.65,60.83,61.555,0,5948670.0
2022-03-30 12:00:00,61.55,62.08,61.255,62.0405,0,3799970.0
2022-03-30 13:00:00,62.0405,62.0693,61.17,61.235,0,3395680.0
2022-03-30 14:00:00,61.235,61.55,60.59,60.65,0,4046550.0
2022-03-30 15:00:00,60.66,60.7,59.8,60.63,0,8186670.0
2022-03-30 16:00:00,60.63,61.04,60.41,60.96,0,398403.0
2022-03-30 17:00:00,60.9699,60.99,60.87,60.93,0,28059.0
2022-03-31 04:00:00,61.5,61.58,61.2,61.38,0,82279.0
2022-03-31 05:00:00,61.38,61.42,61.22,61.31,0,31350.0
2022-03-31 06:00:00,61.38,61.38,61.01,61.04,0,42660.0
2022-03-31 07:00:00,61.03,61.11,60.63,61.04,0,101909.0
2022-03-31 08:00:00,61.0599,61.29,60.64,60.96,0,386998.0
2022-03-31 09:00:00,60.96,61.03,59.43,59.99,0,5229090.0
2022-03-31 10:00:00,59.99,60.83,59.28,60.5905,0,7446990.0
2022-03-31 11:00:00,60.6,60.64,59.96,60.235,0,4510240.0
2022-03-31 12:00:00,60.24,60.31,59.39,59.45,0,3908440.0
2022-03-31 13:00:00,59.45,60.04,59.3,59.6907,0,3913460.0
2022-03-31 14:00:00,59.6907,60.0,59.2,59.985,0,4224470.0
2022-03-31 15:00:00,60.0,60.44,57.9,58.09,0,10162100.0
2022-03-31 16:00:00,58.06,58.69,58.06,58.63,0,568692.0
2022-03-31 17:00:00,58.63,58.65,58.495,58.495,0,63653.0
2022-04-01 04:00:00,58.79,58.91,58.64,58.77,0,80649.0
2022-04-01 05:00:00,58.77,58.98,58.52,58.94,0,56805.0
2022-04-01 06:00:00,58.93,59.11,58.89,58.97,0,52861.0
2022-04-01 07:00:00,58.94,59.0,58.8,58.98,0,81566.0
2022-04-01 08:00:00,59.0,59.05,58.39,58.4,0,389036.0
2022-04-01 09:00:00,58.4,58.815,57.35,57.74,0,6127750.0
2022-04-01 10:00:00,57.73,58.4,57.35,58.28,0,7803470.0
2022-04-01 11:00:00,58.3,58.36,56.74,56.85,0,6084430.0
2022-04-01 12:00:00,56.85,57.1,56.48,56.64,0,4927420.0
2022-04-01 13:00:00,56.64,57.1375,56.4,56.88,0,3819200.0
2022-04-01 14:00:00,56.88,57.92,56.775,57.435,0,6209410.0
2022-04-01 15:00:00,57.435,58.07,56.65,57.98,0,7683260.0
2022-04-01 16:00:00,57.97,57.98,57.6,57.86,0,361068.0
2022-04-01 17:00:00,57.8799,57.91,57.73,57.88,0,33023.0
2022-04-04 04:00:00,57.87,58.23,57.74,58.17,0,115697.0
2022-04-04 05:00:00,58.17,58.72,58.17,58.65,0,73225.0
2022-04-04 06:00:00,58.64,58.89,58.58,58.63,0,248969.0
2022-04-04 07:00:00,58.61,58.79,58.51,58.71,0,104401.0
2022-04-04 08:00:00,58.6018,58.8,58.17,58.22,0,347327.0
2022-04-04 09:00:00,58.235,60.18,58.22,60.1608,0,6737510.0
2022-04-04 10:00:00,60.15,60.435,59.67,60.28,0,6059760.0
2022-04-04 11:00:00,60.29,60.99,60.25,60.85,0,4660340.0
2022-04-04 12:00:00,60.85,61.105,60.7,60.725,0,2685860.0
2022-04-04 13:00:00,60.725,61.01,60.5899,60.9796,0,2397080.0
2022-04-04 14:00:00,60.97,61.24,60.365,61.0997,0,3933600.0
2022-04-04 15:00:00,61.0997,61.525,60.92,61.51,0,5507870.0
2022-04-04 16:00:00,61.5,61.6,61.38,61.45,0,449834.0
2022-04-05 04:00:00,61.77,61.83,61.46,61.49,0,74091.0
2022-04-05 05:00:00,61.48,61.51,61.08,61.16,0,54862.0
2022-04-05 06:00:00,61.14,61.27,60.85,61.12,0,101704.0
2022-04-05 07:00:00,61.12,61.26,60.91,61.2,0,28821.0
2022-04-05 08:00:00,61.0652,61.3,60.75,60.8,0,281495.0
2022-04-05 09:00:00,60.8,61.16,60.15,60.39,0,6283780.0
2022-04-05 10:00:00,60.38,60.739,58.46,59.08,0,10382700.0
2022-04-05 11:00:00,59.08,59.27,58.185,58.2193,0,4931730.0
2022-04-05 12:00:00,58.2193,58.4799,57.7,58.235,0,4168160.0
2022-04-05 13:00:00,58.23,58.815,57.69,57.995,0,4402280.0
2022-04-05 14:00:00,57.99,58.43,57.82,57.96,0,3505890.0
2022-04-05 15:00:00,57.955,58.1,56.86,57.4485,0,6633780.0
2022-04-05 16:00:00,57.47,57.8,57.47,57.8,0,436582.0
2022-04-05 17:00:00,57.78,57.8,57.71,57.74,0,55279.0
2022-04-06 04:00:00,56.34,56.49,56.03,56.37,0,207118.0
2022-04-06 05:00:00,56.38,56.47,55.73,56.04,0,208262.0
2022-04-06 06:00:00,56.03,56.07,55.43,55.47,0,117431.0
2022-04-06 07:00:00,55.47,55.55,54.59,54.69,0,339009.0
2022-04-06 08:00:00,54.68,55.55,54.59,54.82,0,604741.0
2022-04-06 09:00:00,54.83,55.28,53.63,53.67,0,9078520.0
2022-04-06 10:00:00,53.68,53.9,53.09,53.31,0,9232390.0
2022-04-06 11:00:00,53.32,53.8818,53.0,53.57,0,7057070.0
2022-04-06 12:00:00,53.57,53.65,52.68,52.995,0,5390180.0
2022-04-06 13:00:00,52.98,54.32,52.81,53.83,0,6162160.0
2022-04-06 14:00:00,53.83,55.16,52.4,54.77,0,18934900.0
2022-04-06 15:00:00,54.78,55.3688,53.22,53.65,0,12281200.0
2022-04-06 16:00:00,53.65,53.8879,53.51,53.55,0,469520.0
2022-04-06 17:00:00,53.5899,53.68,53.54,53.6,0,43584.0
2022-04-07 06:00:00,54.52,54.6,54.26,54.29,0,92828.0
2022-04-07 07:00:00,54.27,54.73,54.0,54.18,0,167823.0
2022-04-07 08:00:00,54.1699,54.72,53.18,53.39,0,512152.0
2022-04-07 09:00:00,53.41,54.47,53.07,54.28,0,7869190.0
2022-04-07 10:00:00,54.28,54.8,52.79,53.29,0,10546400.0
2022-04-07 11:00:00,53.29,53.69,52.0,52.24,0,6857150.0
2022-04-07 12:00:00,52.24,52.685,51.58,52.04,0,4861340.0
2022-04-07 13:00:00,52.03,53.68,51.99,53.5999,0,7689600.0
2022-04-07 14:00:00,53.59,54.47,53.23,54.35,0,7536880.0
2022-04-07 15:00:00,54.35,55.0889,53.93,54.07,0,9938920.0
2022-04-07 16:00:00,54.08,54.17,53.8404,54.0,0,355548.0
2022-04-07 17:00:00,53.95,54.09,53.93,54.075,0,26169.0
2022-04-08 04:00:00,54.93,55.19,54.5,54.57,0,291852.0
2022-04-08 05:00:00,54.56,54.56,54.28,54.43,0,108285.0
2022-04-08 06:00:00,54.42,54.58,54.05,54.55,0,97558.0
2022-04-08 07:00:00,54.55,54.72,54.45,54.53,0,76609.0
2022-04-08 08:00:00,54.47,54.7,53.72,53.77,0,457886.0
2022-04-08 09:00:00,53.76,53.76,51.54,51.67,0,7713680.0
2022-04-08 10:00:00,51.67,53.29,51.6,53.28,0,10582700.0
2022-04-08 11:00:00,53.275,53.57,52.4,53.025,0,7297240.0
2022-04-08 12:00:00,53.025,53.59,52.81,53.39,0,5610750.0
2022-04-08 13:00:00,53.398,53.4,52.29,52.4252,0,4486510.0
2022-04-08 14:00:00,52.41,52.7,51.825,52.29,0,5775940.0
2022-04-08 15:00:00,52.29,52.66,51.5,51.77,0,8067710.0
2022-04-08 16:00:00,51.78,51.98,51.66,51.7,0,533432.0
2022-04-08 17:00:00,51.6824,51.76,51.56,51.5701,0,44690.0
2022-04-11 04:00:00,51.0,51.05,49.83,50.05,0,242521.0
2022-04-11 05:00:00,50.05,50.59,49.96,50.47,0,130119.0
2022-04-11 06:00:00,50.53,50.78,50.1,50.64,0,79740.0
2022-04-11 07:00:00,50.66,50.72,50.01,50.06,0,179963.0
2022-04-11 08:00:00,50.07,50.71,49.53,49.84,0,518035.0
2022-04-11 09:00:00,49.84,50.27,49.205,49.6598,0,8308170.0
2022-04-11 10:00:00,49.64,50.17,48.51,48.68,0,9659950.0
2022-04-11 11:00:00,48.67,49.2,48.56,48.9339,0,5659020.0
2022-04-11 12:00:00,48.9357,49.19,48.61,49.115,0,3396940.0
2022-04-11 13:00:00,49.115,49.54,48.915,49.14,0,4366190.0
2022-04-11 14:00:00,49.14,49.4,48.63,49.152,0,4220730.0
2022-04-11 15:00:00,49.152,49.45,47.95,48.12,0,8881340.0
2022-04-11 16:00:00,48.12,48.22,48.0,48.15,0,593352.0
2022-04-11 17:00:00,48.15,48.21,48.12,48.18,0,64555.0
2022-04-12 04:00:00,47.75,48.35,47.66,48.24,0,150635.0
2022-04-12 05:00:00,48.22,48.6,48.0,48.43,0,98165.0
2022-04-12 06:00:00,48.45,48.6,48.21,48.3,0,96346.0
2022-04-12 07:00:00,48.3,48.47,48.0,48.47,0,150508.0
2022-04-12 08:00:00,48.29,51.04,48.0,50.8,0,1734340.0
2022-04-12 09:00:00,50.8,50.87,49.28,50.79,0,10215000.0
2022-04-12 10:00:00,50.79,50.975,49.02,49.3283,0,10466000.0
2022-04-12 11:00:00,49.32,50.19,49.0,49.705,0,6524460.0
2022-04-12 12:00:00,49.705,49.73,48.76,49.19,0,5974430.0
2022-04-12 13:00:00,49.17,49.49,48.085,48.18,0,6020360.0
2022-04-12 14:00:00,48.17,48.44,47.2509,47.625,0,7500680.0
2022-04-12 15:00:00,47.61,47.875,46.89,47.525,0,8886230.0
2022-04-12 16:00:00,47.525,47.7,47.31,47.635,0,794391.0
2022-04-12 17:00:00,47.63,47.7,47.59,47.7,0,44185.0
2022-04-13 04:00:00,48.55,48.93,48.55,48.8,0,157336.0
2022-04-13 05:00:00,48.81,48.9,48.07,48.1,0,101160.0
2022-04-13 06:00:00,48.11,48.63,48.07,48.59,0,78548.0
2022-04-13 07:00:00,48.6,48.78,47.88,47.94,0,125927.0
2022-04-13 08:00:00,47.93,48.78,47.31,47.63,0,610074.0
2022-04-13 09:00:00,47.62,48.84,47.33,48.27,0,8068640.0
2022-04-13 10:00:00,48.27,49.3293,48.06,48.805,0,9233760.0
2022-04-13 11:00:00,48.8,49.9,48.7915,49.665,0,7606500.0
2022-04-13 12:00:00,49.665,50.175,49.415,50.02,0,4410950.0
2022-04-13 13:00:00,50.03,50.17,49.46,49.755,0,3720790.0
2022-04-13 14:00:00,49.76,50.28,49.65,50.2,0,4139660.0
2022-04-13 15:00:00,50.2,50.835,49.96,50.38,0,7899140.0
2022-04-13 16:00:00,50.38,50.42,50.25,50.3,0,590437.0
2022-04-13 17:00:00,50.3,50.39,50.27,50.38,0,57847.0
2022-04-14 04:00:00,50.68,50.82,50.43,50.59,0,96219.0
2022-04-14 06:00:00,50.56,50.67,50.19,50.39,0,49995.0
2022-04-14 07:00:00,50.37,50.62,50.07,50.15,0,85366.0
2022-04-14 08:00:00,50.15,50.61,49.97,50.04,0,459808.0
2022-04-14 09:00:00,50.04,50.65,49.13,49.2493,0,6899170.0
2022-04-14 10:00:00,49.25,49.5291,48.21,48.5199,0,8815050.0
2022-04-14 11:00:00,48.52,48.945,48.17,48.265,0,4542670.0
2022-04-14 12:00:00,48.255,48.415,47.62,47.88,0,3936750.0
2022-04-14 13:00:00,47.89,48.38,47.73,48.35,0,4259810.0
2022-04-14 14:00:00,48.35,48.56,47.42,47.43,0,4558210.0
2022-04-14 15:00:00,47.44,47.71,46.8305,46.94,0,7287690.0
2022-04-14 16:00:00,46.94,47.0,46.75,46.94,0,624092.0
2022-04-14 17:00:00,46.94,46.96,46.82,46.88,0,59137.0
2022-04-18 04:00:00,45.86,46.34,45.86,46.11,0,137440.0
2022-04-18 05:00:00,46.1,46.12,45.75,45.92,0,81352.0
2022-04-18 06:00:00,45.93,46.22,45.93,46.12,0,56755.0
2022-04-18 07:00:00,46.15,46.65,46.13,46.34,0,68750.0
2022-04-18 08:00:00,46.16,46.65,46.0,46.41,0,394344.0
2022-04-18 09:00:00,46.42,47.3,46.24,46.63,0,6881970.0
2022-04-18 10:00:00,46.63,48.0031,46.33,47.38,0,8371080.0
2022-04-18 11:00:00,47.375,47.6084,46.34,46.725,0,4676020.0
2022-04-18 12:00:00,46.72,46.7392,45.82,46.135,0,5001320.0
2022-04-18 13:00:00,46.135,47.75,46.0101,47.52,0,5777220.0
2022-04-18 14:00:00,47.53,47.93,47.23,47.28,0,5063520.0
2022-04-18 15:00:00,47.27,47.39,46.2,47.125,0,5897360.0
2022-04-18 16:00:00,47.125,47.87,47.11,47.59,0,516908.0
2022-04-18 17:00:00,47.62,47.76,47.61,47.72,0,38095.0
2022-04-19 04:00:00,47.48,47.7,46.59,46.63,0,118189.0
2022-04-19 05:00:00,46.61,46.69,46.27,46.59,0,74749.0
2022-04-19 06:00:00,46.6,46.96,46.41,46.88,0,80370.0
2022-04-19 07:00:00,46.9,47.28,46.82,47.22,0,69962.0
2022-04-19 08:00:00,46.9001,47.47,46.81,46.94,0,389378.0
2022-04-19 09:00:00,46.93,48.17,46.31,48.15,0,8309410.0
2022-04-19 10:00:00,48.15,49.54,48.0,49.3509,0,8614080.0
2022-04-19 11:00:00,49.35,49.975,49.15,49.75,0,4930290.0
2022-04-19 12:00:00,49.75,49.77,49.33,49.57,0,3754930.0
2022-04-19 13:00:00,49.57,49.7,49.235,49.5697,0,2821810.0
2022-04-19 14:00:00,49.5697,49.63,49.01,49.5783,0,4115390.0
2022-04-19 15:00:00,49.58,50.415,49.46,50.11,0,7958950.0
2022-04-19 16:00:00,50.14,50.16,48.59,48.9,0,830569.0
2022-04-19 17:00:00,48.9,48.91,48.6,48.75,0,60808.0
2022-04-20 04:00:00,48.95,49.5,48.78,49.45,0,106100.0
2022-04-20 05:00:00,49.47,50.16,49.41,50.06,0,184632.0
2022-04-20 06:00:00,50.06,50.15,49.8,50.0,0,72499.0
2022-04-20 07:00:00,49.97,51.02,49.84,50.96,0,231360.0
2022-04-20 08:00:00,49.9701,51.02,49.84,50.97,0,848900.0
2022-04-20 09:00:00,50.96,50.99,48.56,48.7799,0,9102140.0
2022-04-20 10:00:00,48.7799,49.45,48.27,49.24,0,10423800.0
2022-04-20 11:00:00,49.23,49.265,48.11,48.36,0,6405140.0
2022-04-20 12:00:00,48.36,48.645,47.67,48.4599,0,6628430.0
2022-04-20 13:00:00,48.45,49.105,48.28,48.7212,0,5806300.0
2022-04-20 14:00:00,48.72,48.8585,47.44,47.755,0,4999290.0
2022-04-20 15:00:00,47.755,48.68,47.7001,47.92,0,9102620.0
2022-04-20 16:00:00,47.9,48.8,47.79,48.57,0,596842.0
2022-04-20 17:00:00,48.6,48.77,48.51,48.61,0,72285.0
2022-04-21 04:00:00,49.39,49.66,49.34,49.64,0,88301.0
2022-04-21 05:00:00,49.66,49.69,49.24,49.27,0,70643.0
2022-04-21 07:00:00,49.54,49.8,49.34,49.76,0,91754.0
2022-04-21 08:00:00,49.5,49.85,49.33,49.75,0,752780.0
2022-04-21 09:00:00,49.75,50.77,49.56,49.94,0,9555060.0
2022-04-21 10:00:00,49.95,50.075,48.55,48.83,0,10992100.0
2022-04-21 11:00:00,48.83,49.12,47.4969,47.51,0,9277680.0
2022-04-21 12:00:00,47.51,47.729,46.9,46.97,0,7174770.0
2022-04-21 13:00:00,46.97,47.37,46.3817,46.4887,0,9532910.0
2022-04-21 14:00:00,46.48,46.48,45.2377,45.405,0,8853590.0
2022-04-21 15:00:00,45.405,45.54,44.59,45.02,0,12070500.0
2022-04-21 16:00:00,45.03,45.17,44.5,45.0,0,505809.0
2022-04-21 17:00:00,45.01,45.1,44.91,44.9596,0,58374.0
2022-04-22 04:00:00,45.09,45.26,44.86,44.89,0,118093.0
2022-04-22 05:00:00,44.89,45.07,44.37,44.5,0,81646.0
2022-04-22 06:00:00,44.48,44.78,44.37,44.67,0,84298.0
2022-04-22 07:00:00,44.67,45.34,44.64,45.29,0,138432.0
2022-04-22 08:00:00,44.67,45.59,44.64,45.03,0,486983.0
2022-04-22 09:00:00,45.05,45.57,43.98,44.48,0,9715900.0
2022-04-22 10:00:00,44.48,45.34,43.65,43.93,0,10853900.0
2022-04-22 11:00:00,43.92,44.52,42.96,42.975,0,8121390.0
2022-04-22 12:00:00,42.975,43.36,42.7,42.7699,0,6680010.0
2022-04-22 13:00:00,42.7699,42.91,42.15,42.155,0,5424880.0
2022-04-22 14:00:00,42.155,42.74,41.62,41.86,0,7235690.0
2022-04-22 15:00:00,41.8667,42.93,41.28,41.46,0,15701900.0
2022-04-22 16:00:00,41.46,41.641,40.91,41.1,0,949388.0
2022-04-22 17:00:00,41.1,41.29,41.1,41.2,0,79865.0
2022-04-25 04:00:00,40.62,40.95,40.15,40.38,0,289615.0
2022-04-25 05:00:00,40.36,40.73,40.11,40.43,0,156113.0
2022-04-25 06:00:00,40.44,40.63,40.26,40.46,0,151368.0
2022-04-25 07:00:00,40.46,40.57,39.85,40.4,0,276517.0
2022-04-25 08:00:00,40.48,41.12,39.85,41.06,0,612891.0
2022-04-25 09:00:00,41.05,41.52,40.31,40.43,0,11482100.0
2022-04-25 10:00:00,40.43,42.45,40.39,41.145,0,16268600.0
2022-04-25 11:00:00,41.16,41.58,40.34,40.59,0,11165400.0
2022-04-25 12:00:00,40.59,41.9,40.3611,41.285,0,11532100.0
2022-04-25 13:00:00,41.29,41.9614,40.95,41.3715,0,10205500.0
2022-04-25 14:00:00,41.3715,42.69,41.11,42.17,0,12307200.0
2022-04-25 15:00:00,42.16,43.155,41.3406,43.06,0,17972800.0
2022-04-25 16:00:00,43.07,43.22,42.88,43.02,0,506007.0
2022-04-25 17:00:00,43.02,43.05,42.95,43.04,0,70843.0
2022-04-26 05:00:00,42.99,43.03,42.69,42.82,0,66546.0
2022-04-26 06:00:00,42.79,42.9,42.54,42.59,0,66204.0
2022-04-26 07:00:00,42.57,42.68,42.38,42.63,0,88415.0
2022-04-26 08:00:00,42.52,42.73,42.28,42.5301,0,528729.0
2022-04-26 09:00:00,42.52,42.52,40.42,40.56,0,9258960.0
2022-04-26 10:00:00,40.55,40.62,39.31,39.4,0,17094900.0
2022-04-26 11:00:00,39.39,39.63,38.92,38.971,0,11194400.0
2022-04-26 12:00:00,38.971,40.18,38.971,40.074,0,9979730.0
2022-04-26 13:00:00,40.074,40.0886,38.95,39.18,0,7415190.0
2022-04-26 14:00:00,39.18,39.9399,39.02,39.855,0,8563420.0
2022-04-26 15:00:00,39.855,40.02,38.1,38.1,0,14902800.0
2022-04-26 16:00:00,38.1,38.22,36.27,36.42,0,2276490.0
2022-04-26 17:00:00,36.38,37.2,36.32,37.19,0,305722.0
2022-04-27 06:00:00,39.26,39.38,38.93,39.27,0,125276.0
2022-04-27 07:00:00,39.27,39.27,38.13,38.33,0,276550.0
2022-04-27 08:00:00,39.23,39.24,38.14,38.34,0,633507.0
2022-04-27 09:00:00,38.335,40.22,37.92,39.545,0,12964700.0
2022-04-27 10:00:00,39.53,39.91,37.3704,38.395,0,17029800.0
2022-04-27 11:00:00,38.4,39.43,38.39,38.74,0,9938060.0
2022-04-27 12:00:00,38.74,39.9991,38.3401,39.63,0,8017450.0
2022-04-27 13:00:00,39.64,39.78,38.72,39.465,0,9493270.0
2022-04-27 14:00:00,39.44,39.53,38.27,38.405,0,6784240.0
2022-04-27 15:00:00,38.405,38.54,37.78,38.01,0,9772560.0
2022-04-27 16:00:00,38.01,39.64,37.85,39.48,0,1162870.0
2022-04-27 17:00:00,39.47,39.76,39.34,39.69,0,143069.0
2022-04-28 04:00:00,40.5,40.94,40.41,40.94,0,185067.0
2022-04-28 05:00:00,40.95,41.0,40.39,40.45,0,153643.0
2022-04-28 06:00:00,40.46,40.54,40.17,40.31,0,110271.0
2022-04-28 07:00:00,40.34,40.72,40.22,40.27,0,104258.0
2022-04-28 08:00:00,40.3298,40.72,39.44,39.68,0,884094.0
2022-04-28 09:00:00,39.67,40.435,38.82,39.17,0,13167400.0
2022-04-28 10:00:00,39.1715,39.61,38.28,38.91,0,15133600.0
2022-04-28 11:00:00,38.91,39.85,38.785,39.19,0,10800200.0
2022-04-28 12:00:00,39.19,41.2491,39.0,41.1082,0,11809900.0
2022-04-28 13:00:00,41.11,41.94,40.99,41.9,0,10775200.0
2022-04-28 14:00:00,41.8901,42.585,41.68,42.33,0,8463980.0
2022-04-28 15:00:00,42.33,42.73,41.585,42.03,0,12105700.0
2022-04-28 16:00:00,42.03,42.12,40.2504,40.61,0,1631500.0
2022-04-28 17:00:00,40.64,40.68,38.7,39.4899,0,594611.0
2022-04-29 04:00:00,41.06,41.36,40.76,40.97,0,249441.0
2022-04-29 06:00:00,40.7,40.88,40.37,40.4,0,105655.0
2022-04-29 07:00:00,40.45,40.58,40.05,40.17,0,196678.0
2022-04-29 08:00:00,40.57,40.82,40.04,40.355,0,756084.0
2022-04-29 09:00:00,40.35,41.765,39.84,41.67,0,12825200.0
2022-04-29 10:00:00,41.67,41.73,39.2701,39.68,0,13353200.0
2022-04-29 11:00:00,39.67,40.1,39.16,39.34,0,9303320.0
2022-04-29 12:00:00,39.335,39.395,38.265,38.405,0,7845540.0
2022-04-29 13:00:00,38.4,39.0,38.21,38.2393,0,7175940.0
2022-04-29 14:00:00,38.2341,38.4,37.31,37.615,0,8920370.0
2022-04-29 15:00:00,37.615,37.71,36.2,36.41,0,17402600.0
2022-04-29 16:00:00,36.41,36.83,36.35,36.66,0,1455450.0
2022-04-29 17:00:00,36.67,36.9,36.66,36.86,0,88591.0
2022-05-02 07:00:00,36.83,36.91,35.64,35.75,0,331621.0
2022-05-02 08:00:00,35.76,36.92,35.64,35.85,0,732243.0
2022-05-02 09:00:00,35.86,37.38,35.4,36.97,0,13528600.0
2022-05-02 10:00:00,36.97,37.95,35.97,36.79,0,16392900.0
2022-05-02 11:00:00,36.8,37.04,36.08,36.7842,0,8962510.0
2022-05-02 12:00:00,36.78,37.2,35.88,35.98,0,8592690.0
2022-05-02 13:00:00,35.98,36.2383,35.37,35.76,0,7167540.0
2022-05-02 14:00:00,35.76,36.1794,35.1338,35.64,0,9116040.0
2022-05-02 15:00:00,35.63,38.28,35.6,38.19,0,19170100.0
2022-05-02 16:00:00,38.2,38.3,37.76,38.01,0,1022310.0
2022-05-02 17:00:00,38.02,38.08,37.95,38.06,0,76587.0
2022-05-03 04:00:00,38.36,38.7,38.08,38.21,0,165764.0
2022-05-03 05:00:00,38.2,38.34,38.04,38.26,0,133707.0
2022-05-03 07:00:00,37.75,38.1,37.6,38.08,0,78076.0
2022-05-03 08:00:00,37.6999,38.61,37.6101,38.51,0,721090.0
2022-05-03 09:00:00,38.52,38.5599,37.3,38.545,0,11059700.0
2022-05-03 10:00:00,38.55,38.9085,37.37,37.8,0,13087800.0
2022-05-03 11:00:00,37.8,38.83,37.58,38.495,0,9825920.0
2022-05-03 12:00:00,38.49,38.82,37.795,38.29,0,7903250.0
2022-05-03 13:00:00,38.29,39.1694,38.25,38.7699,0,8565520.0
2022-05-03 14:00:00,38.76,38.78,37.5327,38.595,0,10482400.0
2022-05-03 15:00:00,38.585,38.77,37.74,38.355,0,11726100.0
2022-05-03 16:00:00,38.35,38.84,37.42,38.58,0,656686.0
2022-05-03 17:00:00,38.57,38.66,38.55,38.62,0,50633.0
2022-05-04 04:00:00,38.6,38.71,38.5,38.52,0,47079.0
2022-05-04 07:00:00,38.68,38.9,38.6,38.69,0,218773.0
2022-05-04 08:00:00,38.68,38.88,38.46,38.46,0,452449.0
2022-05-04 09:00:00,38.45,38.59,37.7,37.7187,0,7221040.0
2022-05-04 10:00:00,37.7195,37.8,36.85,36.9783,0,11120500.0
2022-05-04 11:00:00,36.98,37.3691,36.53,37.215,0,7297300.0
2022-05-04 12:00:00,37.21,38.47,37.11,38.4557,0,9206870.0
2022-05-04 13:00:00,38.46,39.07,38.16,38.8293,0,8189990.0
2022-05-04 14:00:00,38.82,40.68,37.02,40.51,0,41714400.0
2022-05-04 15:00:00,40.52,42.45,40.27,42.25,0,28681900.0
2022-05-04 16:00:00,42.26,42.26,41.83,41.89,0,1000150.0
2022-05-04 17:00:00,41.9,42.14,41.89,42.07,0,254635.0
2022-05-05 04:00:00,41.49,41.53,40.82,41.02,0,244498.0
2022-05-05 05:00:00,41.04,41.39,41.02,41.21,0,139682.0
2022-05-05 06:00:00,41.23,41.47,41.13,41.13,0,88019.0
2022-05-05 07:00:00,41.16,41.5,41.1,41.24,0,344318.0
2022-05-05 08:00:00,41.22,41.515,40.98,41.01,0,804565.0
2022-05-05 09:00:00,41.02,41.04,38.73,38.8999,0,13983200.0
2022-05-05 10:00:00,38.9031,38.92,36.6,37.1298,0,24414900.0
2022-05-05 11:00:00,37.1298,37.18,35.77,35.8001,0,19042300.0
2022-05-05 12:00:00,35.8001,36.69,35.4,36.4,0,16117600.0
2022-05-05 13:00:00,36.39,36.96,35.5714,35.74,0,11986400.0
2022-05-05 14:00:00,35.74,36.32,35.25,35.59,0,12195300.0
2022-05-05 15:00:00,35.59,36.12,34.52,35.95,0,24353800.0
2022-05-05 16:00:00,35.95,36.47,35.157,36.23,0,1317110.0
2022-05-05 17:00:00,36.23,36.32,36.06,36.14,0,85487.0
2022-05-06 04:00:00,35.6,35.98,35.36,35.38,0,201439.0
2022-05-06 05:00:00,35.38,35.63,35.15,35.6,0,170100.0
2022-05-06 06:00:00,35.6,35.65,35.26,35.36,0,108066.0
2022-05-06 07:00:00,35.39,35.41,34.85,35.23,0,220225.0
2022-05-06 08:00:00,35.23,36.22,34.7596,34.8,0,2242230.0
2022-05-06 09:00:00,34.8,35.37,33.1,33.3499,0,17011700.0
2022-05-06 10:00:00,33.35,36.03,33.3,35.81,0,29727700.0
2022-05-06 11:00:00,35.79,36.53,34.6,34.72,0,17333900.0
2022-05-06 12:00:00,34.72,36.0,34.603,35.968,0,15137900.0
2022-05-06 13:00:00,35.97,36.08,34.44,34.505,0,9804270.0
2022-05-06 14:00:00,34.4999,34.73,33.84,34.04,0,10538000.0
2022-05-06 15:00:00,34.03,35.06,33.51,34.575,0,18355200.0
2022-05-06 16:00:00,34.57,35.39,34.05,34.36,0,881935.0
2022-05-06 17:00:00,34.36,34.45,34.31,34.37,0,39675.0
2022-05-09 04:00:00,33.29,33.33,32.66,32.92,0,453494.0
2022-05-09 05:00:00,32.92,33.12,32.44,32.63,0,223730.0
2022-05-09 06:00:00,32.64,32.7,31.92,32.07,0,361614.0
2022-05-09 07:00:00,32.08,32.36,31.73,32.29,0,332565.0
2022-05-09 08:00:00,32.1901,32.77,31.735,32.53,0,1620140.0
2022-05-09 09:00:00,32.54,33.42,32.32,32.56,0,19155700.0
2022-05-09 10:00:00,32.57,32.67,31.27,31.3501,0,21425300.0
2022-05-09 11:00:00,31.3501,31.81,30.83,31.5584,0,14845700.0
2022-05-09 12:00:00,31.5584,32.31,31.12,31.23,0,11977600.0
2022-05-09 13:00:00,31.23,31.6,30.73,30.98,0,10844300.0
2022-05-09 14:00:00,30.98,31.33,30.61,31.27,0,9736480.0
2022-05-09 15:00:00,31.27,31.64,30.01,30.48,0,18299400.0
2022-05-09 16:00:00,30.48,34.61,30.435,30.55,0,1039930.0
2022-05-09 17:00:00,30.54,30.56,30.48,30.52,0,77163.0
2022-05-10 04:00:00,31.59,32.08,31.55,31.93,0,501137.0
2022-05-10 05:00:00,31.93,32.14,31.65,31.65,0,217961.0
2022-05-10 06:00:00,31.66,31.86,31.56,31.56,0,205233.0
2022-05-10 07:00:00,31.55,31.62,31.13,31.53,0,292296.0
2022-05-10 08:00:00,31.58,32.55,31.19,32.49,0,2199600.0
2022-05-10 09:00:00,32.48,33.08,31.51,32.4599,0,21019900.0
2022-05-10 10:00:00,32.45,33.0,30.91,31.01,0,20712200.0
2022-05-10 11:00:00,31.01,31.355,30.28,31.02,0,16852100.0
2022-05-10 12:00:00,31.01,31.37,30.44,30.7206,0,11548300.0
2022-05-10 13:00:00,30.73,32.85,30.6388,32.8401,0,16501700.0
2022-05-10 14:00:00,32.845,32.88,31.93,32.42,0,14607200.0
2022-05-10 15:00:00,32.42,32.82,31.37,31.5982,0,15083300.0
2022-05-10 16:00:00,31.57,31.7,31.355,31.45,0,526311.0
2022-05-10 17:00:00,31.45,31.48,31.37,31.47,0,60657.0
2022-05-11 04:00:00,32.13,32.89,32.09,32.79,0,316557.0
2022-05-11 05:00:00,32.81,32.98,32.74,32.87,0,162073.0
2022-05-11 07:00:00,32.95,33.16,32.83,32.9,0,280150.0
2022-05-11 08:00:00,32.9,33.16,29.701,30.0,0,3873270.0
2022-05-11 09:00:00,30.0,32.6,29.93,31.8987,0,23023400.0
2022-05-11 10:00:00,31.89,32.22,30.94,31.285,0,22229300.0
2022-05-11 11:00:00,31.29,31.94,30.62,31.145,0,14138600.0
2022-05-11 12:00:00,31.145,31.31,29.91,29.99,0,13628800.0
2022-05-11 13:00:00,29.9895,30.04,28.96,29.0099,0,17109200.0
2022-05-11 14:00:00,29.005,30.23,28.995,29.3,0,19359200.0
2022-05-11 15:00:00,29.29,29.38,28.47,28.7303,0,18141700.0
2022-05-11 16:00:00,28.74,29.1,28.65,29.0,0,1051320.0
2022-05-11 17:00:00,28.99,29.07,28.81,28.88,0,156210.0
2022-05-12 04:00:00,28.47,28.47,27.59,27.74,0,583548.0
2022-05-12 05:00:00,27.74,27.91,27.45,27.74,0,258020.0
2022-05-12 06:00:00,27.74,28.03,27.64,27.96,0,184143.0
2022-05-12 07:00:00,27.95,28.33,27.19,27.26,0,355998.0
2022-05-12 08:00:00,27.94,28.3199,27.18,27.455,0,1839000.0
2022-05-12 09:00:00,27.46,28.26,26.72,27.4401,0,24601100.0
2022-05-12 10:00:00,27.4401,29.55,27.08,29.4783,0,31783300.0
2022-05-12 11:00:00,29.48,29.89,27.81,27.829,0,19049000.0
2022-05-12 12:00:00,27.829,28.81,27.57,28.2685,0,17945500.0
2022-05-12 13:00:00,28.2685,28.49,26.9,27.07,0,14808600.0
2022-05-12 14:00:00,27.06,27.38,26.69,26.89,0,13323700.0
2022-05-12 15:00:00,26.89,28.6,26.83,28.54,0,26161800.0
2022-05-12 16:00:00,28.55,28.59,27.85,28.02,0,1044620.0
2022-05-12 17:00:00,28.02,28.3,28.0,28.23,0,219657.0
2022-05-13 04:00:00,29.92,30.17,29.8,29.96,0,509929.0
2022-05-13 05:00:00,29.97,30.16,29.8,29.9,0,191164.0
2022-05-13 06:00:00,29.91,30.07,29.74,30.02,0,151836.0
2022-05-13 07:00:00,30.02,30.38,29.89,30.31,0,449346.0
2022-05-13 08:00:00,30.32,30.39,29.76,30.16,0,1434130.0
2022-05-13 09:00:00,30.17,30.9199,29.38,30.66,0,21739900.0
2022-05-13 10:00:00,30.67,31.37,30.63,31.24,0,18644100.0
2022-05-13 11:00:00,31.24,31.55,30.97,31.4914,0,10718600.0
2022-05-13 12:00:00,31.5,32.0,31.37,31.665,0,12128500.0
2022-05-13 13:00:00,31.665,31.755,31.0,31.09,0,8877800.0
2022-05-13 14:00:00,31.0805,31.44,30.48,31.415,0,14030300.0
2022-05-13 15:00:00,31.415,32.0,31.18,31.68,0,19634600.0
2022-05-13 16:00:00,31.68,31.72,31.43,31.52,0,1337200.0
2022-05-13 17:00:00,31.52,31.72,31.51,31.67,0,94907.0
2022-05-16 04:00:00,30.92,31.38,30.91,31.38,0,237488.0
2022-05-16 05:00:00,31.39,31.45,30.94,30.98,0,159713.0
2022-05-16 07:00:00,31.17,31.36,31.13,31.27,0,99457.0
2022-05-16 08:00:00,31.27,31.9,31.12,31.45,0,1086450.0
2022-05-16 09:00:00,31.4599,31.54,30.3914,30.65,0,14708400.0
2022-05-16 10:00:00,30.65,31.59,30.28,30.3191,0,15720800.0
2022-05-16 11:00:00,30.31,31.295,30.18,31.2291,0,14380300.0
2022-05-16 12:00:00,31.2291,31.4,30.47,30.5416,0,8109970.0
2022-05-16 13:00:00,30.54,31.41,30.39,31.1911,0,9085010.0
2022-05-16 14:00:00,31.2,31.78,31.0,31.4757,0,9776190.0
2022-05-16 15:00:00,31.4814,31.53,30.345,30.61,0,11774100.0
2022-05-16 16:00:00,30.61,31.155,30.5,30.53,0,661972.0
2022-05-16 17:00:00,30.525,30.55,30.39,30.49,0,144137.0
2022-05-17 04:00:00,32.0,32.7,31.67,32.47,0,456289.0
2022-05-17 06:00:00,32.74,32.81,32.38,32.39,0,256000.0
2022-05-17 07:00:00,32.38,32.55,32.24,32.3,0,253139.0
2022-05-17 08:00:00,32.31,32.55,32.02,32.31,0,1066470.0
2022-05-17 09:00:00,32.32,32.7691,31.99,32.0993,0,12209200.0
2022-05-17 10:00:00,32.0993,32.4599,31.2395,31.49,0,14741600.0
2022-05-17 11:00:00,31.484,32.43,31.41,32.2314,0,10498200.0
2022-05-17 12:00:00,32.2314,32.5,31.96,32.246,0,7263300.0
2022-05-17 13:00:00,32.25,32.57,32.01,32.38,0,5832210.0
2022-05-17 14:00:00,32.38,32.84,31.541,32.625,0,18602100.0
2022-05-17 15:00:00,32.63,33.08,32.59,32.98,0,13699800.0
2022-05-17 16:00:00,32.99,33.08,30.425,33.05,0,548980.0
2022-05-17 17:00:00,33.055,33.1,33.03,33.06,0,55502.0
2022-05-18 04:00:00,32.42,32.5,32.17,32.32,0,238054.0
2022-05-18 05:00:00,32.32,32.55,32.27,32.55,0,71124.0
2022-05-18 06:00:00,32.57,32.67,32.23,32.34,0,112032.0
2022-05-18 07:00:00,32.36,32.38,31.79,31.82,0,189979.0
2022-05-18 08:00:00,32.34,32.38,31.42,31.43,0,1192250.0
2022-05-18 09:00:00,31.43,31.69,30.83,30.9012,0,10691600.0
2022-05-18 10:00:00,30.9012,31.39,30.6,30.94,0,12961700.0
2022-05-18 11:00:00,30.94,30.94,29.46,29.505,0,13529900.0
2022-05-18 12:00:00,29.505,29.63,29.01,29.6001,0,10445700.0
2022-05-18 13:00:00,29.61,29.61,28.22,28.385,0,11908400.0
2022-05-18 14:00:00,28.385,28.6191,27.9,27.99,0,11515000.0
2022-05-18 15:00:00,27.99,28.39,27.69,28.09,0,17465000.0
2022-05-18 16:00:00,28.1,28.15,27.54,27.76,0,915494.0
2022-05-18 17:00:00,27.77,27.84,27.75,27.82,0,85480.0
2022-05-19 04:00:00,27.2,27.24,26.65,26.68,0,522902.0
2022-05-19 05:00:00,26.67,26.79,26.43,26.59,0,425031.0
2022-05-19 06:00:00,26.59,27.18,26.55,27.14,0,316976.0
2022-05-19 07:00:00,27.14,27.5,26.91,27.39,0,309896.0
2022-05-19 08:00:00,27.39,27.49,26.91,27.22,0,1478040.0
2022-05-19 09:00:00,27.21,28.3301,27.04,27.74,0,17094900.0
2022-05-19 10:00:00,27.74,28.54,27.56,28.13,0,19787900.0
2022-05-19 11:00:00,28.13,29.02,27.8,28.6801,0,15346500.0
2022-05-19 12:00:00,28.6817,28.89,27.7,28.0099,0,11102700.0
2022-05-19 13:00:00,28.0099,28.41,27.431,28.3,0,12701100.0
2022-05-19 14:00:00,28.3,28.74,27.81,28.57,0,12219900.0
2022-05-19 15:00:00,28.565,28.8491,27.5,27.63,0,14515100.0
2022-05-19 16:00:00,27.61,27.85,27.42,27.8,0,640767.0
2022-05-19 17:00:00,27.8,27.85,27.72,27.82,0,76663.0
2022-05-20 04:00:00,28.84,29.09,28.7,28.94,0,484716.0
2022-05-20 05:00:00,28.93,29.14,28.79,28.86,0,308719.0
2022-05-20 06:00:00,28.85,28.98,28.75,28.79,0,118046.0
2022-05-20 07:00:00,28.79,29.06,28.65,28.89,0,156505.0
2022-05-20 08:00:00,28.89,29.06,28.53,28.68,0,1390590.0
2022-05-20 09:00:00,28.68,28.8399,28.1,28.46,0,12026900.0
2022-05-20 10:00:00,28.44,28.55,27.04,27.1,0,14257100.0
2022-05-20 11:00:00,27.0993,27.21,26.47,26.63,0,14444600.0
2022-05-20 12:00:00,26.63,26.6799,25.225,25.53,0,18584900.0
2022-05-20 13:00:00,25.53,25.9491,24.93,25.77,0,19070300.0
2022-05-20 14:00:00,25.77,25.98,25.13,25.615,0,13774700.0
2022-05-20 15:00:00,25.62,27.41,25.32,27.31,0,28013600.0
2022-05-20 16:00:00,27.34,27.46,27.0801,27.32,0,1298620.0
2022-05-20 17:00:00,27.32,27.35,27.22,27.28,0,159951.0
2022-05-23 04:00:00,28.36,28.49,27.53,27.73,0,481781.0
2022-05-23 07:00:00,28.22,28.25,27.8,27.87,0,231597.0
2022-05-23 08:00:00,27.93,28.26,27.67,27.73,0,1206600.0
2022-05-23 09:00:00,27.74,28.3,27.2,27.44,0,14640900.0
2022-05-23 10:00:00,27.45,28.055,26.96,27.62,0,19754200.0
2022-05-23 11:00:00,27.62,28.5699,27.51,28.38,0,13147200.0
2022-05-23 12:00:00,28.39,28.82,28.211,28.34,0,10109300.0
2022-05-23 13:00:00,28.35,28.5799,27.885,28.48,0,8317830.0
2022-05-23 14:00:00,28.48,28.83,28.32,28.4206,0,8814410.0
2022-05-23 15:00:00,28.43,28.75,28.155,28.7001,0,12209600.0
2022-05-23 16:00:00,28.71,28.99,27.72,28.84,0,904995.0
2022-05-23 17:00:00,28.83,28.85,27.5,27.57,0,404587.0
2022-05-24 04:00:00,27.02,27.17,26.85,26.93,0,292978.0
2022-05-24 05:00:00,26.93,27.28,26.9,27.22,0,164880.0
2022-05-24 06:00:00,27.22,27.36,27.13,27.23,0,147048.0
2022-05-24 07:00:00,27.25,27.57,27.2,27.26,0,168473.0
2022-05-24 08:00:00,27.23,27.57,27.07,27.31,0,856756.0
2022-05-24 09:00:00,27.32,27.38,26.13,26.15,0,12843600.0
2022-05-24 10:00:00,26.15,26.16,25.429,25.79,0,19466200.0
2022-05-24 11:00:00,25.79,26.58,25.695,26.37,0,12806000.0
2022-05-24 12:00:00,26.37,27.08,26.0601,26.315,0,13515900.0
2022-05-24 13:00:00,26.315,26.775,25.9,26.585,0,9834590.0
2022-05-24 14:00:00,26.59,27.02,25.96,26.161,0,12143000.0
2022-05-24 15:00:00,26.16,27.25,26.12,26.8703,0,18856200.0
2022-05-24 16:00:00,26.89,27.13,26.8384,27.08,0,824796.0
2022-05-24 17:00:00,27.07,29.255,25.045,27.1,0,74091.0
2022-05-25 04:00:00,27.13,27.2,26.72,26.91,0,354308.0
2022-05-25 05:00:00,26.92,26.99,26.56,26.91,0,210556.0
2022-05-25 06:00:00,26.92,27.05,26.68,26.7,0,136900.0
2022-05-25 07:00:00,26.7,26.79,26.17,26.32,0,293454.0
2022-05-25 08:00:00,26.33,26.8,26.15,26.43,0,1194030.0
2022-05-25 09:00:00,26.44,27.4,26.38,27.05,0,14019400.0
2022-05-25 10:00:00,27.045,27.89,26.72,27.555,0,18523300.0
2022-05-25 11:00:00,27.56,27.71,27.11,27.3709,0,9440030.0
2022-05-25 12:00:00,27.385,27.51,26.93,27.28,0,6672500.0
2022-05-25 13:00:00,27.27,27.48,26.965,27.34,0,6523590.0
2022-05-25 14:00:00,27.34,28.21,26.81,28.16,0,22168500.0
2022-05-25 15:00:00,28.17,28.6,27.671,28.0109,0,16580500.0
2022-05-25 16:00:00,28.02,28.03,25.745,27.62,0,1073890.0
2022-05-25 17:00:00,27.63,27.68,27.48,27.63,0,88929.0
2022-05-26 04:00:00,28.18,28.18,27.47,27.62,0,409248.0
2022-05-26 05:00:00,27.62,27.98,27.53,27.94,0,158266.0
2022-05-26 06:00:00,27.93,28.11,27.79,28.01,0,122440.0
2022-05-26 07:00:00,28.0,28.52,27.98,28.22,0,315021.0
2022-05-26 08:00:00,28.14,28.52,27.92,28.22,0,1429940.0
2022-05-26 09:00:00,28.21,29.27,27.68,29.185,0,15946400.0
2022-05-26 10:00:00,29.19,29.77,29.06,29.7495,0,18672000.0
2022-05-26 11:00:00,29.7495,30.0596,29.65,29.99,0,10893800.0
2022-05-26 12:00:00,29.99,30.63,29.88,30.6099,0,10988200.0
2022-05-26 13:00:00,30.61,30.78,30.36,30.62,0,9149600.0
2022-05-26 14:00:00,30.62,30.7,30.4,30.53,0,7094510.0
2022-05-26 15:00:00,30.53,30.72,30.01,30.32,0,16866500.0
2022-05-26 16:00:00,30.32,30.33,30.1,30.2,0,848712.0
2022-05-26 17:00:00,30.2,30.21,30.14,30.155,0,74501.0
2022-05-27 04:00:00,30.2,30.86,30.07,30.78,0,913481.0
2022-05-27 05:00:00,30.79,31.03,30.56,30.94,0,560910.0
2022-05-27 07:00:00,30.88,30.88,30.42,30.47,0,237946.0
2022-05-27 08:00:00,30.8299,31.53,30.42,31.38,0,2317890.0
2022-05-27 09:00:00,31.38,32.22,31.11,32.1392,0,20050000.0
2022-05-27 10:00:00,32.1394,32.67,32.01,32.215,0,18842000.0
2022-05-27 11:00:00,32.215,32.7,32.03,32.665,0,11674800.0
2022-05-27 12:00:00,32.665,32.8,32.42,32.6107,0,7002440.0
2022-05-27 13:00:00,32.61,32.71,32.4704,32.62,0,4593390.0
2022-05-27 14:00:00,32.63,32.855,32.515,32.83,0,5668900.0
2022-05-27 15:00:00,32.83,33.3392,32.77,33.33,0,13657400.0
2022-05-27 16:00:00,33.33,33.63,30.675,33.61,0,1050180.0
2022-05-27 17:00:00,33.61,33.61,33.52,33.53,0,109213.0
2022-05-31 04:00:00,33.1,33.9,33.09,33.63,0,546391.0
2022-05-31 06:00:00,33.01,33.35,32.82,33.16,0,265083.0
2022-05-31 07:00:00,33.15,33.52,33.14,33.28,0,227647.0
2022-05-31 08:00:00,33.2,33.525,32.65,32.73,0,1337090.0
2022-05-31 09:00:00,32.74,33.38,32.05,32.315,0,15218900.0
2022-05-31 10:00:00,32.31,33.05,31.7312,32.8591,0,18570100.0
2022-05-31 11:00:00,32.858,33.6499,32.41,33.55,0,12072700.0
2022-05-31 12:00:00,33.55,33.9,33.16,33.715,0,12415600.0
2022-05-31 13:00:00,33.715,33.96,33.14,33.9209,0,10292800.0
2022-05-31 14:00:00,33.92,34.0,32.6909,32.9464,0,10846100.0
2022-05-31 15:00:00,32.935,33.82,32.73,33.01,0,16265600.0
2022-05-31 16:00:00,33.04,33.2,31.295,33.1,0,1078420.0
2022-05-31 17:00:00,33.1,33.14,33.02,33.1,0,77862.0
2022-06-01 04:00:00,33.02,33.06,32.54,32.82,0,226707.0
2022-06-01 05:00:00,32.82,33.09,32.82,32.91,0,105108.0
2022-06-01 06:00:00,32.91,32.97,32.73,32.86,0,56014.0
2022-06-01 07:00:00,32.85,33.33,32.83,33.33,0,139572.0
2022-06-01 08:00:00,32.89,33.6,32.8499,33.38,0,794348.0
2022-06-01 09:00:00,33.38,34.43,33.33,34.2899,0,14832600.0
2022-06-01 10:00:00,34.29,34.395,32.34,33.015,0,22299000.0
2022-06-01 11:00:00,33.01,33.0103,31.9,31.97,0,14342100.0
2022-06-01 12:00:00,31.97,32.11,31.55,31.8794,0,12900600.0
2022-06-01 13:00:00,31.8794,32.4298,31.82,32.2801,0,12289600.0
2022-06-01 14:00:00,32.2895,33.15,32.22,32.7617,0,15384200.0
2022-06-01 15:00:00,32.7698,33.18,32.235,32.285,0,15176400.0
2022-06-01 16:00:00,32.285,33.885,31.765,32.25,0,635538.0
2022-06-01 17:00:00,32.24,32.28,32.17,32.25,0,77046.0
2022-06-02 04:00:00,32.72,33.02,32.58,32.8,0,350444.0
2022-06-02 05:00:00,32.79,33.0,32.65,32.83,0,91303.0
2022-06-02 07:00:00,33.02,33.02,32.8,32.92,0,82435.0
2022-06-02 08:00:00,33.03,33.03,32.55,32.57,0,834850.0
2022-06-02 09:00:00,32.57,32.66,31.45,32.165,0,13798900.0
2022-06-02 10:00:00,32.15,32.92,31.885,32.68,0,17455700.0
2022-06-02 11:00:00,32.68,33.69,32.6,33.385,0,17680900.0
2022-06-02 12:00:00,33.385,34.22,33.32,34.105,0,10754100.0
2022-06-02 13:00:00,34.105,34.47,33.93,34.455,0,9203790.0
2022-06-02 14:00:00,34.455,34.72,34.33,34.36,0,8413820.0
2022-06-02 15:00:00,34.36,34.98,34.27,34.94,0,11471000.0
2022-06-02 16:00:00,34.94,35.0,32.145,34.95,0,772911.0
2022-06-02 17:00:00,34.95,35.0,34.92,34.95,0,108845.0
2022-06-03 06:00:00,34.39,34.4,33.87,33.94,0,536999.0
2022-06-03 07:00:00,33.95,34.01,33.6,33.62,0,345139.0
2022-06-03 08:00:00,33.95,34.24,33.26,33.48,0,2041280.0
2022-06-03 09:00:00,33.48,33.69,32.63,33.33,0,13352000.0
2022-06-03 10:00:00,33.33,33.63,32.27,32.2992,0,16510600.0
2022-06-03 11:00:00,32.29,32.34,31.76,32.135,0,12672700.0
2022-06-03 12:00:00,32.11,32.66,31.95,32.6041,0,10486700.0
2022-06-03 13:00:00,32.6041,32.93,32.02,32.1594,0,9203130.0
2022-06-03 14:00:00,32.15,32.575,32.05,32.365,0,7942860.0
2022-06-03 15:00:00,32.37,32.44,31.8399,32.15,0,12992700.0
2022-06-03 16:00:00,32.16,34.645,31.465,32.13,0,659984.0
2022-06-03 17:00:00,32.14,32.21,32.12,32.14,0,90240.0
2022-06-06 04:00:00,33.39,33.67,33.39,33.65,0,410429.0
2022-06-06 05:00:00,33.65,33.66,33.31,33.38,0,190639.0
2022-06-06 06:00:00,33.38,33.63,33.36,33.57,0,108204.0
2022-06-06 07:00:00,33.57,33.6,33.36,33.58,0,154921.0
2022-06-06 08:00:00,33.51,33.78,33.36,33.595,0,1151580.0
2022-06-06 09:00:00,33.6,33.95,33.0718,33.66,0,12696700.0
2022-06-06 10:00:00,33.66,34.13,33.6401,33.89,0,13966600.0
2022-06-06 11:00:00,33.9,33.99,32.73,33.0201,0,11645100.0
2022-06-06 12:00:00,33.0201,33.04,32.0,32.56,0,10548600.0
2022-06-06 13:00:00,32.5692,33.1299,32.18,33.1101,0,9876170.0
2022-06-06 14:00:00,33.1101,33.14,32.19,32.4304,0,9336570.0
2022-06-06 15:00:00,32.4304,32.65,32.06,32.5106,0,10657300.0
2022-06-06 16:00:00,32.51,33.585,31.795,32.56,0,360756.0
2022-06-06 17:00:00,32.579,32.58,32.48,32.56,0,46884.0
2022-06-07 04:00:00,32.0,32.24,31.99,32.15,0,160603.0
2022-06-07 05:00:00,32.16,32.18,31.94,31.97,0,111603.0
2022-06-07 06:00:00,31.97,32.03,31.6,31.66,0,176673.0
2022-06-07 07:00:00,31.67,31.83,31.29,31.499,0,251676.0
2022-06-07 08:00:00,31.7198,31.84,31.2,31.24,0,1054380.0
2022-06-07 09:00:00,31.23,32.37,31.05,31.965,0,12426900.0
2022-06-07 10:00:00,31.97,33.33,31.675,33.0509,0,17287600.0
2022-06-07 11:00:00,33.0509,33.1283,32.215,32.6204,0,11819900.0
2022-06-07 12:00:00,32.6204,32.78,32.23,32.7005,0,7827790.0
2022-06-07 13:00:00,32.7005,33.04,32.6,32.865,0,7672250.0
2022-06-07 14:00:00,32.865,33.31,32.8,33.0101,0,7611840.0
2022-06-07 15:00:00,33.015,33.595,32.98,33.3695,0,9746240.0
2022-06-07 16:00:00,33.37,34.065,32.115,33.13,0,532770.0
2022-06-07 17:00:00,33.12,33.2,33.11,33.14,0,34213.0
2022-06-08 04:00:00,33.0,33.22,32.87,33.12,0,201976.0
2022-06-08 07:00:00,33.21,33.45,33.14,33.17,0,110511.0
2022-06-08 08:00:00,33.1899,33.45,32.755,32.94,0,722281.0
2022-06-08 09:00:00,32.94,33.94,32.71,33.755,0,12318400.0
2022-06-08 10:00:00,33.755,33.87,33.17,33.39,0,12059200.0
2022-06-08 11:00:00,33.39,33.86,33.19,33.49,0,7760200.0
2022-06-08 12:00:00,33.49,33.66,32.5496,32.87,0,7859670.0
2022-06-08 13:00:00,32.86,32.8665,32.3307,32.755,0,6691860.0
2022-06-08 14:00:00,32.76,32.92,32.4,32.6399,0,5908170.0
2022-06-08 15:00:00,32.6399,32.96,32.34,32.64,0,8154900.0
2022-06-08 16:00:00,32.64,33.515,31.225,32.66,0,332147.0
2022-06-08 17:00:00,32.66,32.71,32.64,32.69,0,29583.0
2022-06-09 04:00:00,32.6,33.1,32.42,33.1,0,187619.0
2022-06-09 05:00:00,33.1,33.14,32.92,32.98,0,99946.0
2022-06-09 06:00:00,32.98,33.46,32.9,33.21,0,170080.0
2022-06-09 07:00:00,33.2,33.39,32.76,32.83,0,168335.0
2022-06-09 08:00:00,33.2,33.39,32.02,32.16,0,1389220.0
2022-06-09 09:00:00,32.16,32.92,31.77,32.8,0,11788600.0
2022-06-09 10:00:00,32.8,33.0598,32.1507,32.36,0,11796000.0
2022-06-09 11:00:00,32.36,32.6,31.98,32.28,0,9726900.0
2022-06-09 12:00:00,32.29,32.47,31.93,32.4,0,6622440.0
2022-06-09 13:00:00,32.4,32.5599,31.7305,32.0501,0,7270670.0
2022-06-09 14:00:00,32.0501,32.0597,31.245,31.25,0,7526410.0
2022-06-09 15:00:00,31.25,31.275,29.932,29.932,0,17209600.0
2022-06-09 16:00:00,29.94,32.425,29.84,30.15,0,1031100.0
2022-06-09 17:00:00,30.15,30.16,30.06,30.13,0,136990.0
2022-06-10 04:00:00,29.89,30.34,29.86,30.1,0,193878.0
2022-06-10 05:00:00,30.09,30.36,30.08,30.17,0,119212.0
2022-06-10 06:00:00,30.19,30.26,29.96,30.08,0,101582.0
2022-06-10 07:00:00,30.09,30.29,30.0,30.11,0,142140.0
2022-06-10 08:00:00,30.09,30.38,28.2,28.22,0,3503630.0
2022-06-10 09:00:00,28.22,28.62,27.53,27.67,0,17270300.0
2022-06-10 10:00:00,27.66,27.66,26.88,26.9191,0,16526200.0
2022-06-10 11:00:00,26.91,27.09,26.67,26.9799,0,10399900.0
2022-06-10 12:00:00,26.9799,27.15,26.76,26.945,0,7160080.0
2022-06-10 13:00:00,26.9499,27.57,26.76,27.2207,0,9405880.0
2022-06-10 14:00:00,27.2207,27.59,27.05,27.482,0,8258020.0
2022-06-10 15:00:00,27.482,27.76,26.7501,26.77,0,17406600.0
2022-06-10 16:00:00,26.77,27.01,26.76,26.93,0,892098.0
2022-06-10 17:00:00,26.91,26.93,26.81,26.825,0,93566.0
2022-06-13 04:00:00,24.83,24.83,24.04,24.34,0,1153620.0
2022-06-13 05:00:00,24.33,24.58,24.24,24.43,0,543331.0
2022-06-13 06:00:00,24.44,24.69,24.38,24.59,0,347109.0
2022-06-13 07:00:00,24.58,24.74,24.25,24.26,0,330235.0
2022-06-13 08:00:00,24.255,24.73,24.25,24.435,0,1260010.0
2022-06-13 09:00:00,24.44,24.98,24.22,24.37,0,16929600.0
2022-06-13 10:00:00,24.37,24.645,23.41,23.52,0,18828400.0
2022-06-13 11:00:00,23.52,24.09,23.23,23.8633,0,15824500.0
2022-06-13 12:00:00,23.86,24.68,23.71,23.9101,0,13651500.0
2022-06-13 13:00:00,23.92,24.2299,23.62,24.1498,0,10351300.0
2022-06-13 14:00:00,24.14,24.16,23.5,23.545,0,9952890.0
2022-06-13 15:00:00,23.54,23.83,22.82,23.085,0,21662800.0
2022-06-13 16:00:00,23.085,23.42,22.95,23.3,0,1010890.0
2022-06-13 17:00:00,23.3,23.39,23.26,23.34,0,127510.0
2022-06-14 04:00:00,24.01,24.1,23.58,23.65,0,570276.0
2022-06-14 05:00:00,23.64,23.75,23.55,23.63,0,162475.0
2022-06-14 06:00:00,23.63,23.77,23.37,23.66,0,463730.0
2022-06-14 07:00:00,23.66,23.67,23.29,23.31,0,287701.0
2022-06-14 08:00:00,23.32,24.0,23.29,23.67,0,1485660.0
2022-06-14 09:00:00,23.65,23.87,22.89,23.5697,0,17596700.0
2022-06-14 10:00:00,23.5697,23.75,22.74,23.19,0,21817800.0
2022-06-14 11:00:00,23.1906,23.48,22.835,23.4092,0,13278600.0
2022-06-14 12:00:00,23.41,23.42,22.96,23.2601,0,8812610.0
2022-06-14 13:00:00,23.2601,23.8693,23.03,23.096,0,13896200.0
2022-06-14 14:00:00,23.096,23.35,22.92,22.93,0,8632720.0
2022-06-14 15:00:00,22.92,23.5,22.52,23.2107,0,17968300.0
2022-06-14 16:00:00,23.22,24.885,22.835,23.28,0,884486.0
2022-06-14 17:00:00,23.28,23.28,23.23,23.255,0,84851.0
2022-06-15 04:00:00,23.65,23.87,23.55,23.68,0,305279.0
2022-06-15 05:00:00,23.67,23.73,23.5,23.69,0,258278.0
2022-06-15 06:00:00,23.68,23.69,23.52,23.6,0,125642.0
2022-06-15 07:00:00,23.6,24.03,23.52,24.0,0,346491.0
2022-06-15 08:00:00,23.58,24.22,23.52,24.09,0,1999300.0
2022-06-15 09:00:00,24.1,24.4398,23.87,24.205,0,14773700.0
2022-06-15 10:00:00,24.21,24.59,23.83,24.11,0,14066800.0
2022-06-15 11:00:00,24.109,24.39,24.01,24.335,0,8301990.0
2022-06-15 12:00:00,24.34,24.57,24.05,24.085,0,8537110.0
2022-06-15 13:00:00,24.08,24.68,24.07,24.569,0,9020990.0
2022-06-15 14:00:00,24.57,25.68,23.34,24.68,0,59077100.0
2022-06-15 15:00:00,24.69,25.92,24.6,24.93,0,32037400.0
2022-06-15 16:00:00,24.93,24.96,22.925,24.8796,0,1040460.0
2022-06-15 17:00:00,24.86,25.21,24.82,25.16,0,263149.0
2022-06-16 04:00:00,24.72,24.72,22.79,22.79,0,1305320.0
2022-06-16 05:00:00,22.78,22.99,22.6,22.96,0,568127.0
2022-06-16 06:00:00,22.96,23.14,22.74,22.84,0,410788.0
2022-06-16 07:00:00,22.83,23.07,22.71,22.95,0,534733.0
2022-06-16 08:00:00,22.94,23.58,22.71,23.16,0,2718250.0
2022-06-16 09:00:00,23.16,23.26,22.5,22.5892,0,16109400.0
2022-06-16 10:00:00,22.5892,22.5892,21.7,21.8001,0,22131200.0
2022-06-16 11:00:00,21.8084,22.42,21.78,22.115,0,15174800.0
2022-06-16 12:00:00,22.115,22.25,21.81,22.1395,0,10933600.0
2022-06-16 13:00:00,22.1395,22.38,21.61,21.625,0,11577000.0
2022-06-16 14:00:00,21.625,21.765,21.32,21.495,0,13043100.0
2022-06-16 15:00:00,21.495,22.03,21.4601,21.94,0,21383800.0
2022-06-16 16:00:00,21.94,23.685,21.8,22.145,0,1418210.0
2022-06-16 17:00:00,22.15,22.15,22.05,22.09,0,128260.0
2022-06-17 04:00:00,22.49,22.71,22.41,22.51,0,581797.0
2022-06-17 05:00:00,22.51,22.68,22.43,22.63,0,311772.0
2022-06-17 06:00:00,22.61,22.76,22.52,22.66,0,294984.0
2022-06-17 07:00:00,22.63,22.83,22.56,22.64,0,389636.0
2022-06-17 08:00:00,22.64,22.84,22.3,22.37,0,1819190.0
2022-06-17 09:00:00,22.35,23.0,21.93,22.7901,0,18612600.0
2022-06-17 10:00:00,22.7901,22.84,21.66,21.97,0,20552200.0
2022-06-17 11:00:00,21.97,22.8199,21.77,22.32,0,18513600.0
2022-06-17 12:00:00,22.33,22.7789,22.17,22.665,0,11202200.0
2022-06-17 13:00:00,22.665,23.28,22.62,22.965,0,14465300.0
2022-06-17 14:00:00,22.961,23.21,22.82,22.885,0,10735700.0
2022-06-17 15:00:00,22.89,23.05,22.5307,22.6882,0,16102300.0
2022-06-17 16:00:00,22.6882,23.065,21.505,22.77,0,563584.0
2022-06-17 17:00:00,22.75,22.77,22.73,22.75,0,3109130.0
2022-06-21 04:00:00,24.0,24.18,23.88,24.1,0,807719.0
2022-06-21 06:00:00,23.93,24.01,23.86,23.96,0,182962.0
2022-06-21 07:00:00,23.96,23.97,23.62,23.65,0,329334.0
2022-06-21 08:00:00,23.9599,23.96,23.56,23.67,0,1322480.0
2022-06-21 09:00:00,23.67,24.7,23.66,24.685,0,17519900.0
2022-06-21 10:00:00,24.6898,24.97,24.59,24.94,0,15881700.0
2022-06-21 11:00:00,24.94,24.9742,24.54,24.5425,0,10311100.0
2022-06-21 12:00:00,24.5468,24.7161,24.44,24.69,0,10623600.0
2022-06-21 13:00:00,24.69,24.78,24.5,24.535,0,6312480.0
2022-06-21 14:00:00,24.535,24.65,24.39,24.6199,0,7829790.0
2022-06-21 15:00:00,24.6199,24.72,24.3,24.405,0,11913500.0
2022-06-21 16:00:00,24.4,24.48,22.525,24.42,0,692792.0
2022-06-21 17:00:00,24.43,24.45,24.37,24.389,0,85818.0
2022-06-22 04:00:00,22.96,23.05,22.77,22.98,0,829224.0
2022-06-22 05:00:00,22.98,23.16,22.97,23.14,0,290566.0
2022-06-22 06:00:00,23.13,23.27,23.11,23.17,0,261630.0
2022-06-22 07:00:00,23.17,23.45,23.17,23.27,0,191005.0
2022-06-22 08:00:00,23.16,23.45,23.05,23.36,0,1699830.0
2022-06-22 09:00:00,23.37,24.65,23.2,24.47,0,15195200.0
2022-06-22 10:00:00,24.47,25.45,24.2601,25.145,0,21175600.0
2022-06-22 11:00:00,25.145,25.25,24.41,24.44,0,14300100.0
2022-06-22 12:00:00,24.435,24.89,24.31,24.8632,0,11643900.0
2022-06-22 13:00:00,24.865,25.0493,24.6439,24.91,0,7651310.0
2022-06-22 14:00:00,24.91,25.28,24.8,24.975,0,10177700.0
2022-06-22 15:00:00,24.975,25.05,24.15,24.2799,0,14701800.0
2022-06-22 16:00:00,24.27,24.885,24.055,24.17,0,767363.0
2022-06-22 17:00:00,24.18,24.2,24.11,24.17,0,70477.0
2022-06-23 04:00:00,24.01,24.7,23.94,24.46,0,447418.0
2022-06-23 05:00:00,24.47,24.84,24.45,24.78,0,253898.0
2022-06-23 06:00:00,24.8,25.18,24.75,25.14,0,235756.0
2022-06-23 07:00:00,25.14,25.18,24.97,25.021,0,324708.0
2022-06-23 08:00:00,25.02,25.18,24.61,24.81,0,1261760.0
2022-06-23 09:00:00,24.81,25.07,24.171,24.82,0,15162400.0
2022-06-23 10:00:00,24.81,25.34,24.485,25.2801,0,18250900.0
2022-06-23 11:00:00,25.29,25.41,24.81,24.8498,0,12857800.0
2022-06-23 12:00:00,24.84,24.88,24.32,24.405,0,11830000.0
2022-06-23 13:00:00,24.4,24.679,24.19,24.645,0,10098800.0
2022-06-23 14:00:00,24.645,25.03,24.56,24.95,0,9695280.0
2022-06-23 15:00:00,24.95,25.57,24.84,25.3589,0,17330800.0
2022-06-23 16:00:00,25.35,25.48,23.795,25.07,0,1362290.0
2022-06-23 17:00:00,25.08,25.13,25.04,25.12,0,79017.0
2022-06-24 04:00:00,26.1,26.2,25.9,26.07,0,390805.0
2022-06-24 05:00:00,26.06,26.14,26.0,26.13,0,143919.0
2022-06-24 06:00:00,26.13,26.21,26.06,26.07,0,139027.0
2022-06-24 07:00:00,26.06,26.15,25.89,25.94,0,371295.0
2022-06-24 08:00:00,26.0401,26.16,25.88,25.96,0,987422.0
2022-06-24 09:00:00,25.95,26.99,25.93,26.805,0,18498900.0
2022-06-24 10:00:00,26.81,27.6299,26.8,27.175,0,21816300.0
2022-06-24 11:00:00,27.18,27.37,26.8901,27.175,0,9624220.0
2022-06-24 12:00:00,27.185,27.299,27.0486,27.2617,0,6017250.0
2022-06-24 13:00:00,27.265,27.33,27.08,27.135,0,4951720.0
2022-06-24 14:00:00,27.13,27.46,27.09,27.44,0,5264280.0
2022-06-24 15:00:00,27.4498,28.04,27.33,28.04,0,12201600.0
2022-06-24 16:00:00,28.04,28.04,27.7,27.92,0,1576110.0
2022-06-24 17:00:00,27.89,27.91,27.8,27.83,0,173106.0
2022-06-27 04:00:00,28.68,28.86,28.5,28.54,0,662640.0
2022-06-27 05:00:00,28.55,28.63,28.43,28.57,0,169733.0
2022-06-27 06:00:00,28.56,28.58,28.29,28.4,0,220997.0
2022-06-27 07:00:00,28.41,28.57,28.36,28.45,0,244292.0
2022-06-27 08:00:00,28.4093,28.57,28.06,28.145,0,1505070.0
2022-06-27 09:00:00,28.15,28.5,27.17,27.46,0,16451300.0
2022-06-27 10:00:00,27.475,28.07,27.205,27.9808,0,17405300.0
2022-06-27 11:00:00,27.9808,28.08,27.6201,27.855,0,10929800.0
2022-06-27 12:00:00,27.855,27.91,27.31,27.6777,0,9008440.0
2022-06-27 13:00:00,27.6777,27.71,27.24,27.31,0,6604450.0
2022-06-27 14:00:00,27.3,27.555,27.22,27.375,0,6828430.0
2022-06-27 15:00:00,27.375,27.47,27.0,27.33,0,12904300.0
2022-06-27 16:00:00,27.33,27.975,26.085,27.53,0,1070750.0
2022-06-27 17:00:00,27.53,27.6,27.5,27.52,0,156374.0
2022-06-28 04:00:00,27.54,27.82,27.54,27.8,0,201402.0
2022-06-28 06:00:00,27.64,27.77,27.58,27.74,0,99535.0
2022-06-28 07:00:00,27.73,27.86,27.66,27.72,0,116336.0
2022-06-28 08:00:00,27.75,27.86,27.34,27.51,0,859605.0
2022-06-28 09:00:00,27.52,28.21,27.3604,27.74,0,14184100.0
2022-06-28 10:00:00,27.7393,27.8796,26.58,26.8299,0,15974300.0
2022-06-28 11:00:00,26.8299,26.905,25.555,25.61,0,17898800.0
2022-06-28 12:00:00,25.605,25.9271,25.38,25.7783,0,13859600.0
2022-06-28 13:00:00,25.7783,25.785,25.25,25.3717,0,9931240.0
2022-06-28 14:00:00,25.3717,25.56,24.91,25.0918,0,11262800.0
2022-06-28 15:00:00,25.0918,25.19,24.76,24.8071,0,13137300.0
2022-06-28 16:00:00,24.81,24.87,24.73,24.855,0,1093180.0
2022-06-28 17:00:00,24.86,24.87,24.78,24.82,0,95470.0
2022-06-29 04:00:00,24.77,25.0,24.71,24.86,0,245507.0
2022-06-29 05:00:00,24.86,24.95,24.43,24.46,0,145692.0
2022-06-29 06:00:00,24.47,24.66,24.45,24.55,0,414983.0
2022-06-29 07:00:00,24.57,24.91,24.46,24.9,0,117305.0
2022-06-29 08:00:00,24.89,25.1,24.47,24.72,0,1828170.0
2022-06-29 09:00:00,24.7099,25.085,24.1,24.9,0,16790100.0
2022-06-29 10:00:00,24.89,25.2899,24.525,24.9113,0,20905100.0
2022-06-29 11:00:00,24.9113,25.075,24.575,24.925,0,11425200.0
2022-06-29 12:00:00,24.92,24.95,24.36,24.665,0,10678800.0
2022-06-29 13:00:00,24.6677,24.93,24.47,24.905,0,8148860.0
2022-06-29 14:00:00,24.8986,25.14,24.62,24.71,0,8645840.0
2022-06-29 15:00:00,24.71,25.09,24.6118,24.8999,0,13279000.0
2022-06-29 16:00:00,24.89,26.925,24.76,24.91,0,367168.0
2022-06-29 17:00:00,24.91,24.93,24.84,24.88,0,60043.0
2022-06-30 04:00:00,23.95,24.13,23.81,23.87,0,408512.0
2022-06-30 05:00:00,23.85,23.86,23.46,23.75,0,450967.0
2022-06-30 06:00:00,23.74,23.75,23.54,23.71,0,165327.0
2022-06-30 07:00:00,23.72,23.82,23.57,23.659,0,269052.0
2022-06-30 08:00:00,23.72,24.41,23.4812,23.8,0,2370360.0
2022-06-30 09:00:00,23.8,24.27,23.02,23.05,0,16535300.0
2022-06-30 10:00:00,23.05,23.66,22.75,23.63,0,23425900.0
2022-06-30 11:00:00,23.63,24.44,23.43,24.415,0,22339800.0
2022-06-30 12:00:00,24.415,24.885,23.95,24.565,0,17833300.0
2022-06-30 13:00:00,24.565,24.78,24.13,24.63,0,14483800.0
2022-06-30 14:00:00,24.635,24.6976,23.93,24.015,0,10844600.0
2022-06-30 15:00:00,24.02,24.36,23.5183,23.93,0,22330000.0
2022-06-30 16:00:00,23.9301,25.235,23.685,23.8,0,1038100.0
2022-06-30 17:00:00,23.78,23.85,23.76,23.8,0,100964.0
2022-07-01 04:00:00,23.32,23.7,23.17,23.64,0,551752.0
2022-07-01 05:00:00,23.65,23.85,23.57,23.83,0,348836.0
2022-07-01 06:00:00,23.84,23.87,23.45,23.49,0,203565.0
2022-07-01 07:00:00,23.51,23.7,23.29,23.4,0,207610.0
2022-07-01 08:00:00,23.39,23.8588,23.1712,23.6896,0,1182460.0
2022-07-01 09:00:00,23.7,24.33,23.1999,24.09,0,19291800.0
2022-07-01 10:00:00,24.09,24.44,23.1,23.45,0,23123300.0
2022-07-01 11:00:00,23.45,23.91,23.2617,23.42,0,15837800.0
2022-07-01 12:00:00,23.42,23.695,23.26,23.32,0,9692830.0
2022-07-01 13:00:00,23.32,23.855,23.29,23.845,0,9820830.0
2022-07-01 14:00:00,23.845,24.25,23.6028,24.195,0,10505300.0
2022-07-01 15:00:00,24.205,24.5,23.96,24.4042,0,15224100.0
2022-07-01 16:00:00,24.4,24.4499,24.34,24.42,0,490137.0
2022-07-01 17:00:00,24.42,24.44,24.34,24.36,0,95199.0
2022-07-05 04:00:00,24.55,24.66,23.86,23.89,0,699438.0
2022-07-05 05:00:00,23.9,23.99,23.77,23.98,0,258632.0
2022-07-05 06:00:00,23.95,24.1,23.94,23.98,0,228016.0
2022-07-05 07:00:00,24.02,24.03,23.34,23.62,0,259687.0
2022-07-05 08:00:00,24.03,24.6488,23.29,23.33,0,1319420.0
2022-07-05 09:00:00,23.33,23.61,23.0,23.39,0,15466500.0
2022-07-05 10:00:00,23.39,24.4,23.11,23.895,0,21374700.0
2022-07-05 11:00:00,23.89,24.26,23.51,24.1501,0,13989300.0
2022-07-05 12:00:00,24.1501,24.64,23.99,24.239,0,12964000.0
2022-07-05 13:00:00,24.239,24.99,24.2145,24.8098,0,11653100.0
2022-07-05 14:00:00,24.8098,25.49,24.69,25.3212,0,14541500.0
2022-07-05 15:00:00,25.3212,25.68,25.16,25.675,0,16536500.0
2022-07-05 16:00:00,25.67,25.69,25.56,25.68,0,533619.0
2022-07-05 17:00:00,25.67,25.68,25.63,25.66,0,82134.0
